Data_set,Layer_size,Activation,CV,Stopping,Solver,Accuracy,F-score
wine.data,"(3,)",relu,2,True,adam,0.3421717171717172,0.30615141445419075
wine.data,"(3,)",relu,4,True,adam,0.3536175710594316,0.18065998329156224
wine.data,"(3,)",relu,6,True,adam,0.2944444444444444,0.1704226753297108
wine.data,"(3,)",relu,8,True,adam,0.3244988706945229,0.1889157195210036
wine.data,"(3,)",relu,2,True,sgd,0.3833333333333333,0.27372021471589425
wine.data,"(3,)",relu,4,True,sgd,0.30439276485788114,0.16350652271704902
wine.data,"(3,)",relu,6,True,sgd,0.3698412698412698,0.2086934908501019
wine.data,"(3,)",relu,8,True,sgd,0.3314393939393939,0.16529816528947508
wine.data,"(3,)",relu,2,False,adam,0.42588383838383836,0.30417564745922954
wine.data,"(3,)",relu,4,False,adam,0.48372093023255813,0.3300808025266229
wine.data,"(3,)",relu,6,False,adam,0.5293650793650794,0.4200826595987886
wine.data,"(3,)",relu,8,False,adam,0.5057171089779786,0.4050652318907897
wine.data,"(3,)",relu,2,False,sgd,0.4340909090909091,0.37475400237012085
wine.data,"(3,)",relu,4,False,sgd,0.4147286821705426,0.2680792922387002
wine.data,"(3,)",relu,6,False,sgd,0.523015873015873,0.3680969913354737
wine.data,"(3,)",relu,8,False,sgd,0.5007528703180877,0.3957521020593103
wine.data,"(6,)",relu,2,True,adam,0.33636363636363636,0.16666666666666669
wine.data,"(6,)",relu,4,True,adam,0.19043927648578812,0.13187294105217623
wine.data,"(6,)",relu,6,True,adam,0.273015873015873,0.18111910147513863
wine.data,"(6,)",relu,8,True,adam,0.3549313005834745,0.19812165220918002
wine.data,"(6,)",relu,2,True,sgd,0.33636363636363636,0.17000445037828216
wine.data,"(6,)",relu,4,True,sgd,0.3324289405684755,0.20745096269007923
wine.data,"(6,)",relu,6,True,sgd,0.2976190476190476,0.1520123839009288
wine.data,"(6,)",relu,8,True,sgd,0.3441323169584039,0.23992566083616323
wine.data,"(6,)",relu,2,False,adam,0.8031565656565656,0.7791096762790021
wine.data,"(6,)",relu,4,False,adam,0.7317829457364342,0.677186541372696
wine.data,"(6,)",relu,6,False,adam,0.7527777777777778,0.7101272812090187
wine.data,"(6,)",relu,8,False,adam,0.7880199510634294,0.753350375401459
wine.data,"(6,)",relu,2,False,sgd,0.6786616161616161,0.6541009378218681
wine.data,"(6,)",relu,4,False,sgd,0.4877260981912145,0.36142787524366465
wine.data,"(6,)",relu,6,False,sgd,0.4218253968253969,0.29600762494173566
wine.data,"(6,)",relu,8,False,sgd,0.553806700545831,0.4965761003045486
wine.data,"(9,)",relu,2,True,adam,0.2808080808080808,0.16612554112554112
wine.data,"(9,)",relu,4,True,adam,0.3155038759689922,0.17380762512341458
wine.data,"(9,)",relu,6,True,adam,0.3535714285714286,0.19773448720817144
wine.data,"(9,)",relu,8,True,adam,0.4256775832862789,0.31522097164147467
wine.data,"(9,)",relu,2,True,sgd,0.3037878787878788,0.2011525695736222
wine.data,"(9,)",relu,4,True,sgd,0.29276485788113693,0.21468378515169728
wine.data,"(9,)",relu,6,True,sgd,0.3424603174603175,0.23910457395392556
wine.data,"(9,)",relu,8,True,sgd,0.3089591567852437,0.19033760795255966
wine.data,"(9,)",relu,2,False,adam,0.8536616161616162,0.853888750923367
wine.data,"(9,)",relu,4,False,adam,0.8264857881136951,0.8171135185636288
wine.data,"(9,)",relu,6,False,adam,0.7984126984126984,0.767709236379313
wine.data,"(9,)",relu,8,False,adam,0.8111942405420666,0.7864258562787975
wine.data,"(9,)",relu,2,False,sgd,0.5329545454545455,0.4119436847210255
wine.data,"(9,)",relu,4,False,sgd,0.5733850129198966,0.4714509609564788
wine.data,"(9,)",relu,6,False,sgd,0.5730158730158729,0.5280666975651835
wine.data,"(9,)",relu,8,False,sgd,0.6750541125541125,0.6247740740192057
wine.data,"(12,)",relu,2,True,adam,0.33219696969696966,0.16502638710597634
wine.data,"(12,)",relu,4,True,adam,0.3268733850129199,0.21079719500772132
wine.data,"(12,)",relu,6,True,adam,0.3146825396825396,0.2042257060649817
wine.data,"(12,)",relu,8,True,adam,0.3834697910784867,0.26512502615122724
wine.data,"(12,)",relu,2,True,sgd,0.5988636363636364,0.49754936120789783
wine.data,"(12,)",relu,4,True,sgd,0.279328165374677,0.18023857190523856
wine.data,"(12,)",relu,6,True,sgd,0.33015873015873015,0.21623608207715536
wine.data,"(12,)",relu,8,True,sgd,0.33193346508563903,0.17711452821355028
wine.data,"(12,)",relu,2,False,adam,0.9718434343434343,0.9717421902847768
wine.data,"(12,)",relu,4,False,adam,0.8992248062015504,0.9022676631241704
wine.data,"(12,)",relu,6,False,adam,0.9496031746031747,0.9506987361279101
wine.data,"(12,)",relu,8,False,adam,0.9384881422924902,0.93946158867792
wine.data,"(12,)",relu,2,False,sgd,0.8265151515151515,0.8073484793269196
wine.data,"(12,)",relu,4,False,sgd,0.6506459948320413,0.6156365702904605
wine.data,"(12,)",relu,6,False,sgd,0.6527777777777778,0.5538579828033997
wine.data,"(12,)",relu,8,False,sgd,0.6403750235271974,0.5899344502962924
wine.data,"(15,)",relu,2,True,adam,0.14595959595959596,0.1293245278233398
wine.data,"(15,)",relu,4,True,adam,0.3308785529715762,0.19990798251667816
wine.data,"(15,)",relu,6,True,adam,0.31507936507936507,0.1683235867446394
wine.data,"(15,)",relu,8,True,adam,0.2864553924336533,0.17296235187081255
wine.data,"(15,)",relu,2,True,sgd,0.19696969696969696,0.17482640712417316
wine.data,"(15,)",relu,4,True,sgd,0.24198966408268735,0.15303584196904235
wine.data,"(15,)",relu,6,True,sgd,0.36547619047619045,0.2228089433971787
wine.data,"(15,)",relu,8,True,sgd,0.4553453792584228,0.3070226220944038
wine.data,"(15,)",relu,2,False,adam,0.9327020202020202,0.9343439786936588
wine.data,"(15,)",relu,4,False,adam,0.9722222222222223,0.9724023478103175
wine.data,"(15,)",relu,6,False,adam,0.965873015873016,0.9670813520147212
wine.data,"(15,)",relu,8,False,adam,0.966897233201581,0.9675774925968424
wine.data,"(15,)",relu,2,False,sgd,0.7416666666666667,0.7415896305932719
wine.data,"(15,)",relu,4,False,sgd,0.6347545219638242,0.5584206761954631
wine.data,"(15,)",relu,6,False,sgd,0.5904761904761905,0.493730492902843
wine.data,"(15,)",relu,8,False,sgd,0.6550324675324675,0.6032044959821241
wine.data,"(18,)",relu,2,True,adam,0.21426767676767677,0.15192821864699038
wine.data,"(18,)",relu,4,True,adam,0.22609819121447028,0.12828580648946783
wine.data,"(18,)",relu,6,True,adam,0.4000000000000001,0.28876394574923986
wine.data,"(18,)",relu,8,True,adam,0.336521268586486,0.21631575857329147
wine.data,"(18,)",relu,2,True,sgd,0.3592171717171717,0.17595441595441597
wine.data,"(18,)",relu,4,True,sgd,0.28217054263565894,0.2136811533985633
wine.data,"(18,)",relu,6,True,sgd,0.43849206349206354,0.33179940610110975
wine.data,"(18,)",relu,8,True,sgd,0.32573404856013555,0.1932748057820602
wine.data,"(18,)",relu,2,False,adam,0.9272727272727272,0.929431133335499
wine.data,"(18,)",relu,4,False,adam,0.9383720930232559,0.9392581966003823
wine.data,"(18,)",relu,6,False,adam,0.9380952380952382,0.9390493734573241
wine.data,"(18,)",relu,8,False,adam,0.9263128176171654,0.9276641762806623
wine.data,"(18,)",relu,2,False,sgd,0.6237373737373737,0.5906697695913382
wine.data,"(18,)",relu,4,False,sgd,0.7445736434108527,0.6929199348311067
wine.data,"(18,)",relu,6,False,sgd,0.7119047619047619,0.6639112286471275
wine.data,"(18,)",relu,8,False,sgd,0.7627282138151703,0.7359841084841084
wine.data,"(21,)",relu,2,True,adam,0.3700757575757576,0.28124307254742037
wine.data,"(21,)",relu,4,True,adam,0.32028423772609815,0.18583525842634083
wine.data,"(21,)",relu,6,True,adam,0.36547619047619045,0.22348438550708935
wine.data,"(21,)",relu,8,True,adam,0.39268068887634106,0.25197366027455015
wine.data,"(21,)",relu,2,True,sgd,0.465530303030303,0.33994493287956135
wine.data,"(21,)",relu,4,True,sgd,0.28488372093023256,0.1493734335839599
wine.data,"(21,)",relu,6,True,sgd,0.3757936507936508,0.23279981211790343
wine.data,"(21,)",relu,8,True,sgd,0.39899774138904576,0.2621782121437536
wine.data,"(21,)",relu,2,False,adam,0.9441919191919192,0.9458913027886957
wine.data,"(21,)",relu,4,False,adam,0.9833333333333333,0.9841474654377881
wine.data,"(21,)",relu,6,False,adam,0.9436507936507939,0.9442007149807661
wine.data,"(21,)",relu,8,False,adam,0.9555335968379447,0.958255406301072
wine.data,"(21,)",relu,2,False,sgd,0.8194444444444444,0.8184486952817547
wine.data,"(21,)",relu,4,False,sgd,0.6686046511627907,0.581386613883417
wine.data,"(21,)",relu,6,False,sgd,0.6896825396825396,0.672958674365324
wine.data,"(21,)",relu,8,False,sgd,0.72851966873706,0.7006040169888209
wine.data,"(24,)",relu,2,True,adam,0.3536616161616162,0.24321646060776494
wine.data,"(24,)",relu,4,True,adam,0.2599483204134367,0.14224110231369758
wine.data,"(24,)",relu,6,True,adam,0.36428571428571427,0.24334042992786628
wine.data,"(24,)",relu,8,True,adam,0.31511151891586675,0.20157129628057366
wine.data,"(24,)",relu,2,True,sgd,0.4215909090909091,0.29508856682769724
wine.data,"(24,)",relu,4,True,sgd,0.23320413436692505,0.16628651081333917
wine.data,"(24,)",relu,6,True,sgd,0.3424603174603174,0.20671270289388863
wine.data,"(24,)",relu,8,True,sgd,0.3192875964615095,0.20793340414980094
wine.data,"(24,)",relu,2,False,adam,0.938510101010101,0.9419282706100582
wine.data,"(24,)",relu,4,False,adam,0.9550387596899225,0.9567311655443076
wine.data,"(24,)",relu,6,False,adam,0.9555555555555556,0.9562635692929137
wine.data,"(24,)",relu,8,False,adam,0.9606978166760776,0.961661341324654
wine.data,"(24,)",relu,2,False,sgd,0.7854797979797981,0.7737880850307846
wine.data,"(24,)",relu,4,False,sgd,0.775968992248062,0.730783448176859
wine.data,"(24,)",relu,6,False,sgd,0.734920634920635,0.6540910121515751
wine.data,"(24,)",relu,8,False,sgd,0.7562111801242236,0.7161350564515526
wine.data,"(27,)",relu,2,True,adam,0.2641414141414141,0.1672376799557032
wine.data,"(27,)",relu,4,True,adam,0.3147286821705426,0.18945180411345824
wine.data,"(27,)",relu,6,True,adam,0.33968253968253975,0.21821308585515117
wine.data,"(27,)",relu,8,True,adam,0.34853190287972896,0.1979734210458407
wine.data,"(27,)",relu,2,True,sgd,0.33156565656565656,0.20372827372827373
wine.data,"(27,)",relu,4,True,sgd,0.31976744186046513,0.17355758276810912
wine.data,"(27,)",relu,6,True,sgd,0.3757936507936508,0.21843438462608336
wine.data,"(27,)",relu,8,True,sgd,0.2800324675324675,0.15504726941871272
wine.data,"(27,)",relu,2,False,adam,0.9718434343434343,0.9723643563705676
wine.data,"(27,)",relu,4,False,adam,0.9608527131782946,0.9616171439178686
wine.data,"(27,)",relu,6,False,adam,0.9611111111111111,0.9613570778177949
wine.data,"(27,)",relu,8,False,adam,0.9718144174665914,0.9727316027625625
wine.data,"(27,)",relu,2,False,sgd,0.7101010101010101,0.6657328952701236
wine.data,"(27,)",relu,4,False,sgd,0.6577519379844962,0.5998891576832753
wine.data,"(27,)",relu,6,False,sgd,0.7702380952380953,0.7421310229510308
wine.data,"(27,)",relu,8,False,sgd,0.6316581968755882,0.5226877176997182
wine.data,"(3,)",logistic,2,True,adam,0.303030303030303,0.15476190476190477
wine.data,"(3,)",logistic,4,True,adam,0.36472868217054266,0.1778404344193818
wine.data,"(3,)",logistic,6,True,adam,0.3142857142857143,0.1587765710572728
wine.data,"(3,)",logistic,8,True,adam,0.32575757575757575,0.16304036561788232
wine.data,"(3,)",logistic,2,True,sgd,0.465530303030303,0.30214654599376184
wine.data,"(3,)",logistic,4,True,sgd,0.30310077519379847,0.15415812257917522
wine.data,"(3,)",logistic,6,True,sgd,0.30317460317460315,0.16627857522594366
wine.data,"(3,)",logistic,8,True,sgd,0.3754352531526445,0.2160258201352473
wine.data,"(3,)",logistic,2,False,adam,0.44747474747474747,0.31820314332629607
wine.data,"(3,)",logistic,4,False,adam,0.48927648578811367,0.33562413593860135
wine.data,"(3,)",logistic,6,False,adam,0.39960317460317457,0.2241345241345241
wine.data,"(3,)",logistic,8,False,adam,0.45576886881234707,0.28001688673731684
wine.data,"(3,)",logistic,2,False,sgd,0.365530303030303,0.17818428184281843
wine.data,"(3,)",logistic,4,False,sgd,0.3821705426356589,0.18412698412698414
wine.data,"(3,)",logistic,6,False,sgd,0.3988095238095238,0.19006919006919007
wine.data,"(3,)",logistic,8,False,sgd,0.40332674571805005,0.23443440442884272
wine.data,"(6,)",logistic,2,True,adam,0.33219696969696966,0.16502638710597634
wine.data,"(6,)",logistic,4,True,adam,0.34806201550387594,0.17259426815626636
wine.data,"(6,)",logistic,6,True,adam,0.36547619047619045,0.17774671722040145
wine.data,"(6,)",logistic,8,True,adam,0.3262516469038208,0.1667183622828784
wine.data,"(6,)",logistic,2,True,sgd,0.2981060606060606,0.15279652121757387
wine.data,"(6,)",logistic,4,True,sgd,0.2864341085271318,0.14820574162679429
wine.data,"(6,)",logistic,6,True,sgd,0.3599206349206349,0.18856614470649558
wine.data,"(6,)",logistic,8,True,sgd,0.3370976849237719,0.16738763234870022
wine.data,"(6,)",logistic,2,False,adam,0.5342171717171718,0.40407859646671096
wine.data,"(6,)",logistic,4,False,adam,0.5923772609819121,0.49491543911021996
wine.data,"(6,)",logistic,6,False,adam,0.5075396825396825,0.3388088269967085
wine.data,"(6,)",logistic,8,False,adam,0.471579145492189,0.307181506198933
wine.data,"(6,)",logistic,2,False,sgd,0.39886363636363636,0.19008904374758034
wine.data,"(6,)",logistic,4,False,sgd,0.39883720930232563,0.1900793650793651
wine.data,"(6,)",logistic,6,False,sgd,0.39325396825396824,0.19536019536019536
wine.data,"(6,)",logistic,8,False,sgd,0.35957792207792205,0.1891125314848433
wine.data,"(9,)",logistic,2,True,adam,0.36477272727272725,0.17785917785917787
wine.data,"(9,)",logistic,4,True,adam,0.30968992248062016,0.15946115288220553
wine.data,"(9,)",logistic,6,True,adam,0.30317460317460315,0.1562703053931124
wine.data,"(9,)",logistic,8,True,adam,0.35910737812911725,0.1755728918374914
wine.data,"(9,)",logistic,2,True,sgd,0.2981060606060606,0.15279652121757387
wine.data,"(9,)",logistic,4,True,sgd,0.3697674418604652,0.17922077922077922
wine.data,"(9,)",logistic,6,True,sgd,0.3599206349206349,0.18683639297674384
wine.data,"(9,)",logistic,8,True,sgd,0.37074157726331636,0.1799858639228773
wine.data,"(9,)",logistic,2,False,adam,0.7198232323232323,0.6479138732633201
wine.data,"(9,)",logistic,4,False,adam,0.5887596899224806,0.49677101407364566
wine.data,"(9,)",logistic,6,False,adam,0.5623015873015873,0.44794620284816355
wine.data,"(9,)",logistic,8,False,adam,0.5333850931677019,0.3859834510929478
wine.data,"(9,)",logistic,2,False,sgd,0.39886363636363636,0.19008904374758034
wine.data,"(9,)",logistic,4,False,sgd,0.39883720930232563,0.1900793650793651
wine.data,"(9,)",logistic,6,False,sgd,0.4507936507936508,0.26592913259579926
wine.data,"(9,)",logistic,8,False,sgd,0.42212497647280256,0.23631132961172552
wine.data,"(12,)",logistic,2,True,adam,0.303030303030303,0.15476190476190477
wine.data,"(12,)",logistic,4,True,adam,0.31976744186046513,0.16136363636363638
wine.data,"(12,)",logistic,6,True,adam,0.43174603174603177,0.2669494891717114
wine.data,"(12,)",logistic,8,True,adam,0.3430735930735931,0.17051758898776417
wine.data,"(12,)",logistic,2,True,sgd,0.2981060606060606,0.15350877192982457
wine.data,"(12,)",logistic,4,True,sgd,0.35310077519379846,0.18211173358232183
wine.data,"(12,)",logistic,6,True,sgd,0.3845238095238095,0.2454788213093271
wine.data,"(12,)",logistic,8,True,sgd,0.3269927536231884,0.17507474501356593
wine.data,"(12,)",logistic,2,False,adam,0.7407828282828283,0.6624393077223265
wine.data,"(12,)",logistic,4,False,adam,0.6749354005167958,0.6001260835303388
wine.data,"(12,)",logistic,6,False,adam,0.684126984126984,0.6182226451834295
wine.data,"(12,)",logistic,8,False,adam,0.6315287972896668,0.5385810362904628
wine.data,"(12,)",logistic,2,False,sgd,0.39886363636363636,0.19008904374758034
wine.data,"(12,)",logistic,4,False,sgd,0.42661498708010337,0.23585112205801861
wine.data,"(12,)",logistic,6,False,sgd,0.3988095238095238,0.19006919006919007
wine.data,"(12,)",logistic,8,False,sgd,0.3989036325992848,0.19007519929551356
wine.data,"(15,)",logistic,2,True,adam,0.26969696969696966,0.14160401002506268
wine.data,"(15,)",logistic,4,True,adam,0.41421188630490957,0.257620320855615
wine.data,"(15,)",logistic,6,True,adam,0.33134920634920634,0.16508049402786246
wine.data,"(15,)",logistic,8,True,adam,0.34823781291172595,0.2076797258053001
wine.data,"(15,)",logistic,2,True,sgd,0.30997474747474746,0.161429431754635
wine.data,"(15,)",logistic,4,True,sgd,0.33087855297157626,0.16493506493506493
wine.data,"(15,)",logistic,6,True,sgd,0.2924603174603175,0.1474037263510948
wine.data,"(15,)",logistic,8,True,sgd,0.3640245623941276,0.2157203955263926
wine.data,"(15,)",logistic,2,False,adam,0.6515151515151515,0.5198351648351649
wine.data,"(15,)",logistic,4,False,adam,0.7434108527131782,0.6715267616702232
wine.data,"(15,)",logistic,6,False,adam,0.6408730158730159,0.5467973428674517
wine.data,"(15,)",logistic,8,False,adam,0.7548936570675702,0.7039786451471233
wine.data,"(15,)",logistic,2,False,sgd,0.39886363636363636,0.19008904374758034
wine.data,"(15,)",logistic,4,False,sgd,0.39883720930232563,0.1900793650793651
wine.data,"(15,)",logistic,6,False,sgd,0.3988095238095238,0.19006919006919007
wine.data,"(15,)",logistic,8,False,sgd,0.3989036325992848,0.19088165090841677
wine.data,"(18,)",logistic,2,True,adam,0.2981060606060606,0.15279652121757387
wine.data,"(18,)",logistic,4,True,adam,0.3488372093023256,0.1875937554508983
wine.data,"(18,)",logistic,6,True,adam,0.34761904761904766,0.17109904390606145
wine.data,"(18,)",logistic,8,True,adam,0.331933465085639,0.1750716824656619
wine.data,"(18,)",logistic,2,True,sgd,0.2981060606060606,0.15279652121757387
wine.data,"(18,)",logistic,4,True,sgd,0.36472868217054266,0.1778404344193818
wine.data,"(18,)",logistic,6,True,sgd,0.3091269841269841,0.1567262751473278
wine.data,"(18,)",logistic,8,True,sgd,0.33252164502164505,0.19818506670061395
wine.data,"(18,)",logistic,2,False,adam,0.7824494949494949,0.7166300950646367
wine.data,"(18,)",logistic,4,False,adam,0.7392764857881137,0.653985139285473
wine.data,"(18,)",logistic,6,False,adam,0.8182539682539683,0.7900619121542753
wine.data,"(18,)",logistic,8,False,adam,0.8237224731789949,0.792904397016239
wine.data,"(18,)",logistic,2,False,sgd,0.39886363636363636,0.19008904374758034
wine.data,"(18,)",logistic,4,False,sgd,0.39883720930232563,0.1900793650793651
wine.data,"(18,)",logistic,6,False,sgd,0.3988095238095238,0.19006919006919007
wine.data,"(18,)",logistic,8,False,sgd,0.3989036325992848,0.19007519929551356
wine.data,"(21,)",logistic,2,True,adam,0.33219696969696966,0.16502638710597634
wine.data,"(21,)",logistic,4,True,adam,0.36472868217054266,0.1778404344193818
wine.data,"(21,)",logistic,6,True,adam,0.321031746031746,0.1610382794593321
wine.data,"(21,)",logistic,8,True,adam,0.3153585544889893,0.15885963828121782
wine.data,"(21,)",logistic,2,True,sgd,0.3433080808080808,0.18957758384923298
wine.data,"(21,)",logistic,4,True,sgd,0.2702842377260982,0.13384457520613127
wine.data,"(21,)",logistic,6,True,sgd,0.32023809523809527,0.16069452911558177
wine.data,"(21,)",logistic,8,True,sgd,0.33170995670995673,0.1868911775916291
wine.data,"(21,)",logistic,2,False,adam,0.9431818181818181,0.9458985301090563
wine.data,"(21,)",logistic,4,False,adam,0.8016795865633075,0.7512833467487033
wine.data,"(21,)",logistic,6,False,adam,0.832936507936508,0.7956676337621348
wine.data,"(21,)",logistic,8,False,adam,0.8076181065311501,0.7823377656018321
wine.data,"(21,)",logistic,2,False,sgd,0.39886363636363636,0.19008904374758034
wine.data,"(21,)",logistic,4,False,sgd,0.39883720930232563,0.1900793650793651
wine.data,"(21,)",logistic,6,False,sgd,0.3988095238095238,0.19006919006919007
wine.data,"(21,)",logistic,8,False,sgd,0.3989036325992848,0.19007519929551356
wine.data,"(24,)",logistic,2,True,adam,0.303030303030303,0.15476190476190477
wine.data,"(24,)",logistic,4,True,adam,0.33139534883720934,0.1653091060985798
wine.data,"(24,)",logistic,6,True,adam,0.32023809523809527,0.16069452911558177
wine.data,"(24,)",logistic,8,True,adam,0.3759057971014493,0.20485664766755599
wine.data,"(24,)",logistic,2,True,sgd,0.33636363636363636,0.16666666666666669
wine.data,"(24,)",logistic,4,True,sgd,0.2864341085271318,0.14820574162679429
wine.data,"(24,)",logistic,6,True,sgd,0.3142857142857143,0.15919428200129954
wine.data,"(24,)",logistic,8,True,sgd,0.3087121212121212,0.1567039600879284
wine.data,"(24,)",logistic,2,False,adam,0.8015151515151515,0.736988620663725
wine.data,"(24,)",logistic,4,False,adam,0.8320413436692506,0.8006650417721596
wine.data,"(24,)",logistic,6,False,adam,0.8753968253968254,0.8650401630695076
wine.data,"(24,)",logistic,8,False,adam,0.8551900997553171,0.8181618039707957
wine.data,"(24,)",logistic,2,False,sgd,0.39886363636363636,0.19008904374758034
wine.data,"(24,)",logistic,4,False,sgd,0.39883720930232563,0.1900793650793651
wine.data,"(24,)",logistic,6,False,sgd,0.3988095238095238,0.19006919006919007
wine.data,"(24,)",logistic,8,False,sgd,0.3989036325992848,0.19007519929551356
wine.data,"(27,)",logistic,2,True,adam,0.33636363636363636,0.16666666666666669
wine.data,"(27,)",logistic,4,True,adam,0.33139534883720934,0.1653091060985798
wine.data,"(27,)",logistic,6,True,adam,0.32539682539682535,0.16316253596955352
wine.data,"(27,)",logistic,8,True,adam,0.32007575757575757,0.16078256594628954
wine.data,"(27,)",logistic,2,True,sgd,0.303030303030303,0.15476190476190477
wine.data,"(27,)",logistic,4,True,sgd,0.3321705426356589,0.1650167084377611
wine.data,"(27,)",logistic,6,True,sgd,0.30317460317460315,0.15480831708901885
wine.data,"(27,)",logistic,8,True,sgd,0.342285431959345,0.1779887889836444
wine.data,"(27,)",logistic,2,False,adam,0.8320707070707071,0.8259369982341171
wine.data,"(27,)",logistic,4,False,adam,0.8103359173126614,0.7746169985164257
wine.data,"(27,)",logistic,6,False,adam,0.8626984126984127,0.8420414878602013
wine.data,"(27,)",logistic,8,False,adam,0.8934570863918689,0.8827704996242148
wine.data,"(27,)",logistic,2,False,sgd,0.39886363636363636,0.19008904374758034
wine.data,"(27,)",logistic,4,False,sgd,0.39883720930232563,0.1900793650793651
wine.data,"(27,)",logistic,6,False,sgd,0.3988095238095238,0.19006919006919007
wine.data,"(27,)",logistic,8,False,sgd,0.3989036325992848,0.19007519929551356
wine.data,"(3,)",tanh,2,True,adam,0.4092171717171717,0.27027819674878495
wine.data,"(3,)",tanh,4,True,adam,0.30439276485788114,0.18989833074443813
wine.data,"(3,)",tanh,6,True,adam,0.39444444444444443,0.26547262334989996
wine.data,"(3,)",tanh,8,True,adam,0.3485083756822887,0.21642069616207546
wine.data,"(3,)",tanh,2,True,sgd,0.365530303030303,0.18413666279519939
wine.data,"(3,)",tanh,4,True,sgd,0.3147286821705426,0.2200143608038345
wine.data,"(3,)",tanh,6,True,sgd,0.30436507936507934,0.16297457964124631
wine.data,"(3,)",tanh,8,True,sgd,0.3469320534537926,0.23404435766985815
wine.data,"(3,)",tanh,2,False,adam,0.8319444444444444,0.8398099335142524
wine.data,"(3,)",tanh,4,False,adam,0.7320413436692506,0.7196947772523122
wine.data,"(3,)",tanh,6,False,adam,0.5722222222222223,0.5225319708637229
wine.data,"(3,)",tanh,8,False,adam,0.6455627705627706,0.5911029340886151
wine.data,"(3,)",tanh,2,False,sgd,0.4897727272727273,0.31961385916336155
wine.data,"(3,)",tanh,4,False,sgd,0.591343669250646,0.5202127544703202
wine.data,"(3,)",tanh,6,False,sgd,0.5988095238095238,0.5339047717183918
wine.data,"(3,)",tanh,8,False,sgd,0.5840038584603802,0.4597517914211525
wine.data,"(6,)",tanh,2,True,adam,0.31893939393939397,0.2607563172128656
wine.data,"(6,)",tanh,4,True,adam,0.2864341085271318,0.18544357485244184
wine.data,"(6,)",tanh,6,True,adam,0.33928571428571425,0.22586657376430674
wine.data,"(6,)",tanh,8,True,adam,0.34305006587615283,0.1891867411289611
wine.data,"(6,)",tanh,2,True,sgd,0.22512626262626262,0.15624644738469284
wine.data,"(6,)",tanh,4,True,sgd,0.4543927648578811,0.27438460386573593
wine.data,"(6,)",tanh,6,True,sgd,0.3198412698412698,0.19137702496835626
wine.data,"(6,)",tanh,8,True,sgd,0.3321569734613213,0.21315503083520176
wine.data,"(6,)",tanh,2,False,adam,0.8429292929292929,0.8476408904433587
wine.data,"(6,)",tanh,4,False,adam,0.8370801033591732,0.8384407956175198
wine.data,"(6,)",tanh,6,False,adam,0.8603174603174604,0.8534786872241441
wine.data,"(6,)",tanh,8,False,adam,0.8149233013363448,0.7873854770816845
wine.data,"(6,)",tanh,2,False,sgd,0.7424242424242424,0.7312044662654419
wine.data,"(6,)",tanh,4,False,sgd,0.6133074935400517,0.575209971671875
wine.data,"(6,)",tanh,6,False,sgd,0.6952380952380953,0.6671234152518181
wine.data,"(6,)",tanh,8,False,sgd,0.6558676830415962,0.5554448120174497
wine.data,"(9,)",tanh,2,True,adam,0.5122474747474748,0.36073990414122886
wine.data,"(9,)",tanh,4,True,adam,0.3821705426356589,0.20417710944026732
wine.data,"(9,)",tanh,6,True,adam,0.3976190476190476,0.26631728778467906
wine.data,"(9,)",tanh,8,True,adam,0.29319593450028236,0.21960797293081807
wine.data,"(9,)",tanh,2,True,sgd,0.303030303030303,0.1651222778673759
wine.data,"(9,)",tanh,4,True,sgd,0.32532299741602067,0.17415492309109332
wine.data,"(9,)",tanh,6,True,sgd,0.3246031746031746,0.23811447716837172
wine.data,"(9,)",tanh,8,True,sgd,0.33662714097496704,0.25139276829993484
wine.data,"(9,)",tanh,2,False,adam,0.8878787878787879,0.8911626450400156
wine.data,"(9,)",tanh,4,False,adam,0.9320413436692507,0.9369271683014005
wine.data,"(9,)",tanh,6,False,adam,0.8884920634920636,0.8879489730243534
wine.data,"(9,)",tanh,8,False,adam,0.9607213438735178,0.960629343853028
wine.data,"(9,)",tanh,2,False,sgd,0.7583333333333333,0.7264550517578583
wine.data,"(9,)",tanh,4,False,sgd,0.6913436692506459,0.6174101126360851
wine.data,"(9,)",tanh,6,False,sgd,0.7436507936507937,0.7146450892365924
wine.data,"(9,)",tanh,8,False,sgd,0.6613730472426124,0.623202233353162
wine.data,"(12,)",tanh,2,True,adam,0.28674242424242424,0.14982145629560628
wine.data,"(12,)",tanh,4,True,adam,0.3301033591731266,0.21340353694043898
wine.data,"(12,)",tanh,6,True,adam,0.28214285714285714,0.18338148585148742
wine.data,"(12,)",tanh,8,True,adam,0.46787361189535104,0.3478664963793065
wine.data,"(12,)",tanh,2,True,sgd,0.365530303030303,0.17818428184281843
wine.data,"(12,)",tanh,4,True,sgd,0.3702842377260982,0.2267624163922112
wine.data,"(12,)",tanh,6,True,sgd,0.36507936507936506,0.23736880809249236
wine.data,"(12,)",tanh,8,True,sgd,0.2973720120459251,0.20188682844932843
wine.data,"(12,)",tanh,2,False,adam,0.932070707070707,0.9347802948033364
wine.data,"(12,)",tanh,4,False,adam,0.9373385012919897,0.939986232118946
wine.data,"(12,)",tanh,6,False,adam,0.9273809523809523,0.9296279754024178
wine.data,"(12,)",tanh,8,False,adam,0.9330533596837944,0.9333814401829108
wine.data,"(12,)",tanh,2,False,sgd,0.6912878787878788,0.6868431168469116
wine.data,"(12,)",tanh,4,False,sgd,0.746640826873385,0.6802941232555074
wine.data,"(12,)",tanh,6,False,sgd,0.6507936507936507,0.5787326054482916
wine.data,"(12,)",tanh,8,False,sgd,0.8080063052889139,0.7893827204239103
wine.data,"(15,)",tanh,2,True,adam,0.39949494949494946,0.31768876676295826
wine.data,"(15,)",tanh,4,True,adam,0.3425064599483204,0.23230558834130793
wine.data,"(15,)",tanh,6,True,adam,0.37023809523809526,0.24172449505782842
wine.data,"(15,)",tanh,8,True,adam,0.39899774138904576,0.29890181747873257
wine.data,"(15,)",tanh,2,True,sgd,0.3996212121212121,0.2497150997150997
wine.data,"(15,)",tanh,4,True,sgd,0.20387596899224808,0.13130145386187336
wine.data,"(15,)",tanh,6,True,sgd,0.2702380952380952,0.17181594244004572
wine.data,"(15,)",tanh,8,True,sgd,0.29586627140974964,0.24228694916194915
wine.data,"(15,)",tanh,2,False,adam,0.9553030303030303,0.9575387579697925
wine.data,"(15,)",tanh,4,False,adam,0.960594315245478,0.9622003473106414
wine.data,"(15,)",tanh,6,False,adam,0.9380952380952382,0.9395916083188932
wine.data,"(15,)",tanh,8,False,adam,0.960450781102955,0.9608420217553345
wine.data,"(15,)",tanh,2,False,sgd,0.865909090909091,0.8691696504213935
wine.data,"(15,)",tanh,4,False,sgd,0.7791989664082688,0.7806912963355794
wine.data,"(15,)",tanh,6,False,sgd,0.8333333333333334,0.8170034881288079
wine.data,"(15,)",tanh,8,False,sgd,0.7924195369847544,0.7732627369334026
wine.data,"(18,)",tanh,2,True,adam,0.40315656565656566,0.29491293045509914
wine.data,"(18,)",tanh,4,True,adam,0.42312661498708015,0.31648101206046364
wine.data,"(18,)",tanh,6,True,adam,0.3543650793650794,0.22986238496295963
wine.data,"(18,)",tanh,8,True,adam,0.3878105590062112,0.2769671490188805
wine.data,"(18,)",tanh,2,True,sgd,0.25845959595959594,0.20608327625871486
wine.data,"(18,)",tanh,4,True,sgd,0.2975452196382429,0.17706806628375255
wine.data,"(18,)",tanh,6,True,sgd,0.42698412698412685,0.32389016212545624
wine.data,"(18,)",tanh,8,True,sgd,0.26498682476943347,0.18782497502374873
wine.data,"(18,)",tanh,2,False,adam,0.9383838383838384,0.9413453237273637
wine.data,"(18,)",tanh,4,False,adam,0.960594315245478,0.9618532415989078
wine.data,"(18,)",tanh,6,False,adam,0.9440476190476191,0.9461817992111436
wine.data,"(18,)",tanh,8,False,adam,0.9664031620553359,0.9685598485908085
wine.data,"(18,)",tanh,2,False,sgd,0.8151515151515152,0.8189695815766809
wine.data,"(18,)",tanh,4,False,sgd,0.8027131782945737,0.7843881747995913
wine.data,"(18,)",tanh,6,False,sgd,0.8027777777777777,0.7948738169637782
wine.data,"(18,)",tanh,8,False,sgd,0.8715179747788444,0.8679158116851615
wine.data,"(21,)",tanh,2,True,adam,0.1869949494949495,0.14665277130787577
wine.data,"(21,)",tanh,4,True,adam,0.244702842377261,0.14551374112157867
wine.data,"(21,)",tanh,6,True,adam,0.33095238095238094,0.23716252767897775
wine.data,"(21,)",tanh,8,True,adam,0.43889986824769434,0.339500685994931
wine.data,"(21,)",tanh,2,True,sgd,0.29343434343434344,0.21423156801661475
wine.data,"(21,)",tanh,4,True,sgd,0.4419896640826873,0.33178860476997124
wine.data,"(21,)",tanh,6,True,sgd,0.40952380952380957,0.289054844185662
wine.data,"(21,)",tanh,8,True,sgd,0.3205933559194429,0.1670240755387446
wine.data,"(21,)",tanh,2,False,adam,0.9662878787878788,0.9676337630017999
wine.data,"(21,)",tanh,4,False,adam,0.9719638242894056,0.9728257515670546
wine.data,"(21,)",tanh,6,False,adam,0.9666666666666668,0.9670534250883781
wine.data,"(21,)",tanh,8,False,adam,0.977249200075287,0.9781614670159562
wine.data,"(21,)",tanh,2,False,sgd,0.9045454545454545,0.9056536559862391
wine.data,"(21,)",tanh,4,False,sgd,0.7698966408268734,0.7323062238568349
wine.data,"(21,)",tanh,6,False,sgd,0.8666666666666667,0.8590387196348336
wine.data,"(21,)",tanh,8,False,sgd,0.8433088650479955,0.8309635926508991
wine.data,"(24,)",tanh,2,True,adam,0.28863636363636364,0.24274337352639055
wine.data,"(24,)",tanh,4,True,adam,0.2669250645994832,0.17063800855184552
wine.data,"(24,)",tanh,6,True,adam,0.3499999999999999,0.26926196971948607
wine.data,"(24,)",tanh,8,True,adam,0.34636740071522676,0.2241705380345604
wine.data,"(24,)",tanh,2,True,sgd,0.3712121212121212,0.24896659094772305
wine.data,"(24,)",tanh,4,True,sgd,0.339405684754522,0.2266320896617507
wine.data,"(24,)",tanh,6,True,sgd,0.3658730158730159,0.2812570729237396
wine.data,"(24,)",tanh,8,True,sgd,0.37301195181629965,0.2795692634622744
wine.data,"(24,)",tanh,2,False,adam,0.9719696969696969,0.9735433140392307
wine.data,"(24,)",tanh,4,False,adam,0.9830749354005168,0.9840031652934879
wine.data,"(24,)",tanh,6,False,adam,0.9611111111111111,0.9625709023564276
wine.data,"(24,)",tanh,8,False,adam,0.966897233201581,0.9671701052215758
wine.data,"(24,)",tanh,2,False,sgd,0.8878787878787879,0.8834803112923307
wine.data,"(24,)",tanh,4,False,sgd,0.7635658914728682,0.7375874599380203
wine.data,"(24,)",tanh,6,False,sgd,0.8698412698412699,0.8616177195124562
wine.data,"(24,)",tanh,8,False,sgd,0.8265339732731037,0.8007112443083806
wine.data,"(27,)",tanh,2,True,adam,0.39886363636363636,0.19086651053864168
wine.data,"(27,)",tanh,4,True,adam,0.48242894056847546,0.3684936802372798
wine.data,"(27,)",tanh,6,True,adam,0.3424603174603175,0.2310379319593849
wine.data,"(27,)",tanh,8,True,adam,0.37788208168642956,0.255879311628368
wine.data,"(27,)",tanh,2,True,sgd,0.4266414141414141,0.3484081258204562
wine.data,"(27,)",tanh,4,True,sgd,0.1930232558139535,0.14647382073569493
wine.data,"(27,)",tanh,6,True,sgd,0.2424603174603175,0.17449211804188014
wine.data,"(27,)",tanh,8,True,sgd,0.25570534537925843,0.16813603332800386
wine.data,"(27,)",tanh,2,False,adam,0.9493686868686869,0.9503638914905117
wine.data,"(27,)",tanh,4,False,adam,0.9722222222222222,0.9726776683030293
wine.data,"(27,)",tanh,6,False,adam,0.9718253968253969,0.9723781475699634
wine.data,"(27,)",tanh,8,False,adam,0.977249200075287,0.9784882644015771
wine.data,"(27,)",tanh,2,False,sgd,0.8247474747474748,0.7958295407951017
wine.data,"(27,)",tanh,4,False,sgd,0.8822997416020671,0.8811858907854332
wine.data,"(27,)",tanh,6,False,sgd,0.832936507936508,0.8082573637984304
wine.data,"(27,)",tanh,8,False,sgd,0.8761645962732919,0.8684732854721245
diabetes.data,"(3,)",relu,2,True,adam,0.3333333333333333,0.26742351883367194
diabetes.data,"(3,)",relu,4,True,adam,0.5091145833333333,0.3504644904709285
diabetes.data,"(3,)",relu,6,True,adam,0.4973958333333333,0.33268543649896776
diabetes.data,"(3,)",relu,8,True,adam,0.46599294628323384,0.31572130863533454
diabetes.data,"(3,)",relu,2,True,sgd,0.50390625,0.35663705563197057
diabetes.data,"(3,)",relu,4,True,sgd,0.4192708333333333,0.29528170731062664
diabetes.data,"(3,)",relu,6,True,sgd,0.5400516795865633,0.37430620451190927
diabetes.data,"(3,)",relu,8,True,sgd,0.4984807379272924,0.38218825797502043
diabetes.data,"(3,)",relu,2,False,adam,0.6549479166666667,0.44320947791112836
diabetes.data,"(3,)",relu,4,False,adam,0.62109375,0.5246599755763746
diabetes.data,"(3,)",relu,6,False,adam,0.7044255732568313,0.5855698293240431
diabetes.data,"(3,)",relu,8,False,adam,0.7293000542593597,0.6395727162691418
diabetes.data,"(3,)",relu,2,False,sgd,0.6510416666666666,0.3943217665615142
diabetes.data,"(3,)",relu,4,False,sgd,0.6510416666666666,0.41253213402058564
diabetes.data,"(3,)",relu,6,False,sgd,0.6652597522330056,0.4306404001776969
diabetes.data,"(3,)",relu,8,False,sgd,0.6523738469886056,0.3983201297422448
diabetes.data,"(6,)",relu,2,True,adam,0.5,0.3265045126243864
diabetes.data,"(6,)",relu,4,True,adam,0.5026041666666667,0.3343767970019513
diabetes.data,"(6,)",relu,6,True,adam,0.4461439163309528,0.3634112378978673
diabetes.data,"(6,)",relu,8,True,adam,0.5290287574606619,0.3770059411224864
diabetes.data,"(6,)",relu,2,True,sgd,0.3489583333333333,0.25868725868725867
diabetes.data,"(6,)",relu,4,True,sgd,0.5026041666666667,0.3626375173868457
diabetes.data,"(6,)",relu,6,True,sgd,0.5490855135658915,0.34840988558718083
diabetes.data,"(6,)",relu,8,True,sgd,0.5420510037981552,0.3708831140140505
diabetes.data,"(6,)",relu,2,False,adam,0.7174479166666667,0.6546818673570979
diabetes.data,"(6,)",relu,4,False,adam,0.7447916666666667,0.6861275256993402
diabetes.data,"(6,)",relu,6,False,adam,0.7383718545901239,0.6820084699655927
diabetes.data,"(6,)",relu,8,False,adam,0.7524959305480194,0.7084898016366918
diabetes.data,"(6,)",relu,2,False,sgd,0.6510416666666666,0.39783102475506826
diabetes.data,"(6,)",relu,4,False,sgd,0.6536458333333333,0.40219405093907906
diabetes.data,"(6,)",relu,6,False,sgd,0.6510478659280962,0.39432307377704884
diabetes.data,"(6,)",relu,8,False,sgd,0.6523467173087357,0.4108752187138408
diabetes.data,"(9,)",relu,2,True,adam,0.49869791666666663,0.32602609379860564
diabetes.data,"(9,)",relu,4,True,adam,0.49739583333333326,0.3255431186030555
diabetes.data,"(9,)",relu,6,True,adam,0.4339773094315245,0.30572605150856674
diabetes.data,"(9,)",relu,8,True,adam,0.5821622354856213,0.44411115524633665
diabetes.data,"(9,)",relu,2,True,sgd,0.6458333333333333,0.4307644110275689
diabetes.data,"(9,)",relu,4,True,sgd,0.4947916666666667,0.34539891082726876
diabetes.data,"(9,)",relu,6,True,sgd,0.5017059890587804,0.33367163733952326
diabetes.data,"(9,)",relu,8,True,sgd,0.5099565925122084,0.37217249103815125
diabetes.data,"(9,)",relu,2,False,adam,0.7044270833333334,0.5779775691196885
diabetes.data,"(9,)",relu,4,False,adam,0.7526041666666667,0.7055396568624399
diabetes.data,"(9,)",relu,6,False,adam,0.7579045351889153,0.7142953715571015
diabetes.data,"(9,)",relu,8,False,adam,0.7605805751492133,0.7192856923428007
diabetes.data,"(9,)",relu,2,False,sgd,0.67578125,0.4909117589988459
diabetes.data,"(9,)",relu,4,False,sgd,0.6510416666666666,0.3943217665615142
diabetes.data,"(9,)",relu,6,False,sgd,0.6510478659280962,0.39432307377704884
diabetes.data,"(9,)",relu,8,False,sgd,0.6550325556158437,0.4177210573474014
diabetes.data,"(12,)",relu,2,True,adam,0.5,0.33001377081794053
diabetes.data,"(12,)",relu,4,True,adam,0.5169270833333333,0.36298497187363854
diabetes.data,"(12,)",relu,6,True,adam,0.5796048749720238,0.390320454149321
diabetes.data,"(12,)",relu,8,True,adam,0.5175393380358112,0.35481533445141983
diabetes.data,"(12,)",relu,2,True,sgd,0.6510416666666666,0.3943217665615142
diabetes.data,"(12,)",relu,4,True,sgd,0.5442708333333334,0.4497658061663749
diabetes.data,"(12,)",relu,6,True,sgd,0.5972831021485686,0.407783208563314
diabetes.data,"(12,)",relu,8,True,sgd,0.5124389582202931,0.36932208365209357
diabetes.data,"(12,)",relu,2,False,adam,0.74609375,0.6891785012172955
diabetes.data,"(12,)",relu,4,False,adam,0.7526041666666666,0.7122358143057791
diabetes.data,"(12,)",relu,6,False,adam,0.7668662828846976,0.7287862207452743
diabetes.data,"(12,)",relu,8,False,adam,0.7657352143244709,0.7258077736778492
diabetes.data,"(12,)",relu,2,False,sgd,0.6510416666666666,0.3943217665615142
diabetes.data,"(12,)",relu,4,False,sgd,0.6497395833333333,0.3938425907439204
diabetes.data,"(12,)",relu,6,False,sgd,0.6549645275081893,0.40613606969637467
diabetes.data,"(12,)",relu,8,False,sgd,0.6510580575149214,0.3943272292993631
diabetes.data,"(15,)",relu,2,True,adam,0.44921875,0.34671921112483706
diabetes.data,"(15,)",relu,4,True,adam,0.35156249999999994,0.26725094166954627
diabetes.data,"(15,)",relu,6,True,adam,0.6666324912510936,0.5024259179788398
diabetes.data,"(15,)",relu,8,True,adam,0.4710797612588172,0.3690616887918975
diabetes.data,"(15,)",relu,2,True,sgd,0.5065104166666666,0.407676291445925
diabetes.data,"(15,)",relu,4,True,sgd,0.57421875,0.3599339637753566
diabetes.data,"(15,)",relu,6,True,sgd,0.47530142716535434,0.3240458935116591
diabetes.data,"(15,)",relu,8,True,sgd,0.4617878459034183,0.3251437605156584
diabetes.data,"(15,)",relu,2,False,adam,0.7578125,0.7051839594088294
diabetes.data,"(15,)",relu,4,False,adam,0.7682291666666667,0.7325957747634732
diabetes.data,"(15,)",relu,6,False,adam,0.7629702855093695,0.7208228843974943
diabetes.data,"(15,)",relu,8,False,adam,0.7772788931090614,0.7381141137282554
diabetes.data,"(15,)",relu,2,False,sgd,0.6510416666666666,0.3943217665615142
diabetes.data,"(15,)",relu,4,False,sgd,0.6536458333333333,0.40534623874915165
diabetes.data,"(15,)",relu,6,False,sgd,0.6523499492614295,0.40479104618688516
diabetes.data,"(15,)",relu,8,False,sgd,0.6549240368963647,0.4179323016285135
diabetes.data,"(18,)",relu,2,True,adam,0.484375,0.43332102769344194
diabetes.data,"(18,)",relu,4,True,adam,0.5,0.3265045126243864
diabetes.data,"(18,)",relu,6,True,adam,0.5116479353598242,0.43076601151246935
diabetes.data,"(18,)",relu,8,True,adam,0.5393922951709169,0.3839154634299969
diabetes.data,"(18,)",relu,2,True,sgd,0.51171875,0.3636658743206592
diabetes.data,"(18,)",relu,4,True,sgd,0.50390625,0.37702513084156897
diabetes.data,"(18,)",relu,6,True,sgd,0.5816577842377261,0.4712518681441577
diabetes.data,"(18,)",relu,8,True,sgd,0.5904774823657081,0.4396443575516634
diabetes.data,"(18,)",relu,2,False,adam,0.7291666666666667,0.6623979378985637
diabetes.data,"(18,)",relu,4,False,adam,0.76953125,0.729239587777097
diabetes.data,"(18,)",relu,6,False,adam,0.770844301257401,0.7307886822124093
diabetes.data,"(18,)",relu,8,False,adam,0.7735214324470971,0.7333672129422124
diabetes.data,"(18,)",relu,2,False,sgd,0.65234375,0.40509056497260554
diabetes.data,"(18,)",relu,4,False,sgd,0.6627604166666666,0.4351925566671216
diabetes.data,"(18,)",relu,6,False,sgd,0.6510478659280962,0.39432307377704884
diabetes.data,"(18,)",relu,8,False,sgd,0.6536896364622897,0.4085159775645445
diabetes.data,"(21,)",relu,2,True,adam,0.50390625,0.33318682441433856
diabetes.data,"(21,)",relu,4,True,adam,0.49479166666666663,0.33455872145003024
diabetes.data,"(21,)",relu,6,True,adam,0.6209485442226698,0.45205158222828407
diabetes.data,"(21,)",relu,8,True,adam,0.4921052631578947,0.38395602038021537
diabetes.data,"(21,)",relu,2,True,sgd,0.5794270833333333,0.4479420957224666
diabetes.data,"(21,)",relu,4,True,sgd,0.54296875,0.4036991260157787
diabetes.data,"(21,)",relu,6,True,sgd,0.4756434992319274,0.35161463231842394
diabetes.data,"(21,)",relu,8,True,sgd,0.5270618556701031,0.3800452627541343
diabetes.data,"(21,)",relu,2,False,adam,0.7721354166666667,0.7320517461553647
diabetes.data,"(21,)",relu,4,False,adam,0.7578125,0.7173847016687465
diabetes.data,"(21,)",relu,6,False,adam,0.7706203330688316,0.7344568050849141
diabetes.data,"(21,)",relu,8,False,adam,0.7733315246880086,0.734286773989818
diabetes.data,"(21,)",relu,2,False,sgd,0.6510416666666666,0.3943217665615142
diabetes.data,"(21,)",relu,4,False,sgd,0.6510416666666666,0.3978310247550683
diabetes.data,"(21,)",relu,6,False,sgd,0.6510275196341736,0.4043844946804466
diabetes.data,"(21,)",relu,8,False,sgd,0.6575013564839935,0.4145182313005066
diabetes.data,"(24,)",relu,2,True,adam,0.50390625,0.4504111629752783
diabetes.data,"(24,)",relu,4,True,adam,0.5690104166666667,0.36124120217726313
diabetes.data,"(24,)",relu,6,True,adam,0.5524018005198478,0.41093669559751717
diabetes.data,"(24,)",relu,8,True,adam,0.5465002712967987,0.3795053060588283
diabetes.data,"(24,)",relu,2,True,sgd,0.3489583333333333,0.25868725868725867
diabetes.data,"(24,)",relu,4,True,sgd,0.39713541666666663,0.33073846311386296
diabetes.data,"(24,)",relu,6,True,sgd,0.3972011447333618,0.3258346984845522
diabetes.data,"(24,)",relu,8,True,sgd,0.540002712967987,0.4054421939793643
diabetes.data,"(24,)",relu,2,False,adam,0.75390625,0.707087452206296
diabetes.data,"(24,)",relu,4,False,adam,0.7747395833333334,0.7382323506312363
diabetes.data,"(24,)",relu,6,False,adam,0.7708135433833853,0.7334458171344886
diabetes.data,"(24,)",relu,8,False,adam,0.7680954964731417,0.7288567447179005
diabetes.data,"(24,)",relu,2,False,sgd,0.6510416666666666,0.3943217665615142
diabetes.data,"(24,)",relu,4,False,sgd,0.6510416666666666,0.3943217665615142
diabetes.data,"(24,)",relu,6,False,sgd,0.6510478659280962,0.39432307377704884
diabetes.data,"(24,)",relu,8,False,sgd,0.6563212154096583,0.4281225621256385
diabetes.data,"(27,)",relu,2,True,adam,0.6822916666666667,0.5369140933366237
diabetes.data,"(27,)",relu,4,True,adam,0.5052083333333333,0.3635863855963899
diabetes.data,"(27,)",relu,6,True,adam,0.5703842683727034,0.4528762762585082
diabetes.data,"(27,)",relu,8,True,adam,0.5553174172544764,0.41864832504095406
diabetes.data,"(27,)",relu,2,True,sgd,0.50390625,0.37394838660325397
diabetes.data,"(27,)",relu,4,True,sgd,0.47265624999999994,0.35428464141780097
diabetes.data,"(27,)",relu,6,True,sgd,0.5678211122047244,0.38937131157059435
diabetes.data,"(27,)",relu,8,True,sgd,0.5380629408572979,0.3867728196753253
diabetes.data,"(27,)",relu,2,False,adam,0.75,0.6985476328570088
diabetes.data,"(27,)",relu,4,False,adam,0.7812499999999999,0.7451268593382604
diabetes.data,"(27,)",relu,6,False,adam,0.7669686501759955,0.7292577991428475
diabetes.data,"(27,)",relu,8,False,adam,0.774620184481823,0.7353801528118038
diabetes.data,"(27,)",relu,2,False,sgd,0.6497395833333333,0.3938433477357334
diabetes.data,"(27,)",relu,4,False,sgd,0.6510416666666666,0.3943217665615142
diabetes.data,"(27,)",relu,6,False,sgd,0.6549746211774401,0.4095190691606609
diabetes.data,"(27,)",relu,8,False,sgd,0.6550054259359739,0.4060999295602612
diabetes.data,"(3,)",logistic,2,True,adam,0.6510416666666666,0.3943217665615142
diabetes.data,"(3,)",logistic,4,True,adam,0.3489583333333333,0.25868725868725867
diabetes.data,"(3,)",logistic,6,True,adam,0.4505208333333333,0.3042943562449444
diabetes.data,"(3,)",logistic,8,True,adam,0.5715545306565383,0.39901599428111856
diabetes.data,"(3,)",logistic,2,True,sgd,0.3489583333333333,0.25868725868725867
diabetes.data,"(3,)",logistic,4,True,sgd,0.3489583333333333,0.25868725868725867
diabetes.data,"(3,)",logistic,6,True,sgd,0.5494791666666666,0.3487107969027899
diabetes.data,"(3,)",logistic,8,True,sgd,0.5452658708627238,0.3817412673729656
diabetes.data,"(3,)",logistic,2,False,adam,0.6822916666666666,0.5048461865042136
diabetes.data,"(3,)",logistic,4,False,adam,0.6510416666666666,0.3943217665615142
diabetes.data,"(3,)",logistic,6,False,adam,0.6510478659280962,0.39432307377704884
diabetes.data,"(3,)",logistic,8,False,adam,0.6523738469886056,0.3983201297422448
diabetes.data,"(3,)",logistic,2,False,sgd,0.6510416666666666,0.3943217665615142
diabetes.data,"(3,)",logistic,4,False,sgd,0.6510416666666666,0.3943217665615142
diabetes.data,"(3,)",logistic,6,False,sgd,0.6510478659280962,0.39432307377704884
diabetes.data,"(3,)",logistic,8,False,sgd,0.6510580575149214,0.3943272292993631
diabetes.data,"(6,)",logistic,2,True,adam,0.3489583333333333,0.25868725868725867
diabetes.data,"(6,)",logistic,4,True,adam,0.5755208333333333,0.3604131395929503
diabetes.data,"(6,)",logistic,6,True,adam,0.6006602690288713,0.37169882252239445
diabetes.data,"(6,)",logistic,8,True,adam,0.4244709712425393,0.2925897390996499
diabetes.data,"(6,)",logistic,2,True,sgd,0.6510416666666666,0.3943217665615142
diabetes.data,"(6,)",logistic,4,True,sgd,0.5755208333333334,0.3604131395929503
diabetes.data,"(6,)",logistic,6,True,sgd,0.3984313007385704,0.2808902996996082
diabetes.data,"(6,)",logistic,8,True,sgd,0.5684210526315789,0.374038430783991
diabetes.data,"(6,)",logistic,2,False,adam,0.6510416666666666,0.3943217665615142
diabetes.data,"(6,)",logistic,4,False,adam,0.65234375,0.3983102005726621
diabetes.data,"(6,)",logistic,6,False,adam,0.6601727018861016,0.42415669358707886
diabetes.data,"(6,)",logistic,8,False,adam,0.6719479110146501,0.4741161201760744
diabetes.data,"(6,)",logistic,2,False,sgd,0.6510416666666666,0.3943217665615142
diabetes.data,"(6,)",logistic,4,False,sgd,0.6510416666666666,0.3943217665615142
diabetes.data,"(6,)",logistic,6,False,sgd,0.6510478659280962,0.39432307377704884
diabetes.data,"(6,)",logistic,8,False,sgd,0.6510580575149214,0.3943272292993631
diabetes.data,"(9,)",logistic,2,True,adam,0.6510416666666666,0.3943217665615142
diabetes.data,"(9,)",logistic,4,True,adam,0.49999999999999994,0.3265045126243864
diabetes.data,"(9,)",logistic,6,True,adam,0.4505208333333333,0.3042943562449444
diabetes.data,"(9,)",logistic,8,True,adam,0.5007867607162235,0.3268627287493315
diabetes.data,"(9,)",logistic,2,True,sgd,0.3489583333333333,0.25868725868725867
diabetes.data,"(9,)",logistic,4,True,sgd,0.5755208333333333,0.3604131395929503
diabetes.data,"(9,)",logistic,6,True,sgd,0.610202680878553,0.40752025053982965
diabetes.data,"(9,)",logistic,8,True,sgd,0.5407894736842105,0.3567650603255859
diabetes.data,"(9,)",logistic,2,False,adam,0.6510416666666666,0.3943217665615142
diabetes.data,"(9,)",logistic,4,False,adam,0.6653645833333334,0.4497416970490708
diabetes.data,"(9,)",logistic,6,False,adam,0.6784335801593114,0.4918407754906107
diabetes.data,"(9,)",logistic,8,False,adam,0.6822843190450353,0.5008397845057262
diabetes.data,"(9,)",logistic,2,False,sgd,0.6510416666666666,0.3943217665615142
diabetes.data,"(9,)",logistic,4,False,sgd,0.6510416666666666,0.3943217665615142
diabetes.data,"(9,)",logistic,6,False,sgd,0.6510478659280962,0.39432307377704884
diabetes.data,"(9,)",logistic,8,False,sgd,0.6510580575149214,0.3943272292993631
diabetes.data,"(12,)",logistic,2,True,adam,0.6510416666666666,0.3943217665615142
diabetes.data,"(12,)",logistic,4,True,adam,0.5794270833333333,0.37206927666048806
diabetes.data,"(12,)",logistic,6,True,adam,0.5494791666666666,0.3487107969027899
diabetes.data,"(12,)",logistic,8,True,adam,0.5773738469886056,0.37318056931753907
diabetes.data,"(12,)",logistic,2,True,sgd,0.5,0.3265045126243864
diabetes.data,"(12,)",logistic,4,True,sgd,0.5755208333333333,0.3604131395929503
diabetes.data,"(12,)",logistic,6,True,sgd,0.6028606889255123,0.3915020964463453
diabetes.data,"(12,)",logistic,8,True,sgd,0.5755290287574606,0.3604147325661254
diabetes.data,"(12,)",logistic,2,False,adam,0.6575520833333333,0.4170020723268733
diabetes.data,"(12,)",logistic,4,False,adam,0.6809895833333334,0.4919048248851113
diabetes.data,"(12,)",logistic,6,False,adam,0.7056560471728824,0.5734920758259417
diabetes.data,"(12,)",logistic,8,False,adam,0.7109332609875203,0.5903577703370186
diabetes.data,"(12,)",logistic,2,False,sgd,0.6510416666666666,0.3943217665615142
diabetes.data,"(12,)",logistic,4,False,sgd,0.6510416666666666,0.3943217665615142
diabetes.data,"(12,)",logistic,6,False,sgd,0.6510478659280962,0.39432307377704884
diabetes.data,"(12,)",logistic,8,False,sgd,0.6510580575149214,0.3943272292993631
diabetes.data,"(15,)",logistic,2,True,adam,0.5,0.3265045126243864
diabetes.data,"(15,)",logistic,4,True,adam,0.3489583333333333,0.25868725868725867
diabetes.data,"(15,)",logistic,6,True,adam,0.5494791666666666,0.3487107969027899
diabetes.data,"(15,)",logistic,8,True,adam,0.5984264785675529,0.39195861843579527
diabetes.data,"(15,)",logistic,2,True,sgd,0.3489583333333333,0.25868725868725867
diabetes.data,"(15,)",logistic,4,True,sgd,0.6562499999999999,0.4178171318503628
diabetes.data,"(15,)",logistic,6,True,sgd,0.5503875968992248,0.3491268278285215
diabetes.data,"(15,)",logistic,8,True,sgd,0.5,0.3265022358328876
diabetes.data,"(15,)",logistic,2,False,adam,0.65234375,0.398336940854919
diabetes.data,"(15,)",logistic,4,False,adam,0.6888020833333333,0.5202301182335832
diabetes.data,"(15,)",logistic,6,False,adam,0.7096137192516633,0.5921068625889586
diabetes.data,"(15,)",logistic,8,False,adam,0.7071758003255562,0.5862480667107359
diabetes.data,"(15,)",logistic,2,False,sgd,0.6510416666666666,0.3943217665615142
diabetes.data,"(15,)",logistic,4,False,sgd,0.6510416666666666,0.3943217665615142
diabetes.data,"(15,)",logistic,6,False,sgd,0.6510478659280962,0.39432307377704884
diabetes.data,"(15,)",logistic,8,False,sgd,0.6510580575149214,0.3943272292993631
diabetes.data,"(18,)",logistic,2,True,adam,0.5,0.3265045126243864
diabetes.data,"(18,)",logistic,4,True,adam,0.5221354166666666,0.3699607767703057
diabetes.data,"(18,)",logistic,6,True,adam,0.559553602311339,0.39662485402373077
diabetes.data,"(18,)",logistic,8,True,adam,0.6129001627780792,0.37719073447452234
diabetes.data,"(18,)",logistic,2,True,sgd,0.6510416666666666,0.3943217665615142
diabetes.data,"(18,)",logistic,4,True,sgd,0.5768229166666666,0.3708070569269307
diabetes.data,"(18,)",logistic,6,True,sgd,0.5393700787401574,0.37124294154251364
diabetes.data,"(18,)",logistic,8,True,sgd,0.495849158979924,0.3279288967611336
diabetes.data,"(18,)",logistic,2,False,adam,0.6588541666666666,0.4206905597420809
diabetes.data,"(18,)",logistic,4,False,adam,0.7005208333333333,0.5605897826622046
diabetes.data,"(18,)",logistic,6,False,adam,0.7160224044487172,0.6093717334097866
diabetes.data,"(18,)",logistic,8,False,adam,0.7121405317417254,0.6132641364766706
diabetes.data,"(18,)",logistic,2,False,sgd,0.6510416666666666,0.3943217665615142
diabetes.data,"(18,)",logistic,4,False,sgd,0.6510416666666666,0.3943217665615142
diabetes.data,"(18,)",logistic,6,False,sgd,0.6510478659280962,0.39432307377704884
diabetes.data,"(18,)",logistic,8,False,sgd,0.6510580575149214,0.3943272292993631
diabetes.data,"(21,)",logistic,2,True,adam,0.5,0.3265045126243864
diabetes.data,"(21,)",logistic,4,True,adam,0.5755208333333333,0.3604131395929503
diabetes.data,"(21,)",logistic,6,True,adam,0.41275421740523704,0.3323837417805076
diabetes.data,"(21,)",logistic,8,True,adam,0.5051546391752577,0.3471698494692513
diabetes.data,"(21,)",logistic,2,True,sgd,0.6510416666666666,0.3943217665615142
diabetes.data,"(21,)",logistic,4,True,sgd,0.6510416666666666,0.3943217665615142
diabetes.data,"(21,)",logistic,6,True,sgd,0.5520895325947629,0.34990663311920334
diabetes.data,"(21,)",logistic,8,True,sgd,0.5373711340206185,0.34327823774128463
diabetes.data,"(21,)",logistic,2,False,adam,0.6666666666666666,0.4620685035327392
diabetes.data,"(21,)",logistic,4,False,adam,0.71484375,0.6143876935191827
diabetes.data,"(21,)",logistic,6,False,adam,0.7279856278866305,0.645775532498032
diabetes.data,"(21,)",logistic,8,False,adam,0.7186923494302767,0.6268435140814479
diabetes.data,"(21,)",logistic,2,False,sgd,0.6510416666666666,0.3943217665615142
diabetes.data,"(21,)",logistic,4,False,sgd,0.6510416666666666,0.3943217665615142
diabetes.data,"(21,)",logistic,6,False,sgd,0.6510478659280962,0.39432307377704884
diabetes.data,"(21,)",logistic,8,False,sgd,0.6510580575149214,0.3943272292993631
diabetes.data,"(24,)",logistic,2,True,adam,0.6510416666666666,0.3943217665615142
diabetes.data,"(24,)",logistic,4,True,adam,0.5885416666666666,0.4135533057330236
diabetes.data,"(24,)",logistic,6,True,adam,0.5520895325947629,0.34990663311920334
diabetes.data,"(24,)",logistic,8,True,adam,0.5476804123711341,0.3638576159313869
diabetes.data,"(24,)",logistic,2,True,sgd,0.3489583333333333,0.25868725868725867
diabetes.data,"(24,)",logistic,4,True,sgd,0.5950520833333333,0.45105514213482173
diabetes.data,"(24,)",logistic,6,True,sgd,0.45052083333333326,0.3042943562449444
diabetes.data,"(24,)",logistic,8,True,sgd,0.6136869234943028,0.37755122739096614
diabetes.data,"(24,)",logistic,2,False,adam,0.65625,0.41006633531664394
diabetes.data,"(24,)",logistic,4,False,adam,0.7018229166666667,0.5750544085434932
diabetes.data,"(24,)",logistic,6,False,adam,0.7292071208213798,0.6527084085961218
diabetes.data,"(24,)",logistic,8,False,adam,0.7227211068909387,0.6414355557996688
diabetes.data,"(24,)",logistic,2,False,sgd,0.6510416666666666,0.3943217665615142
diabetes.data,"(24,)",logistic,4,False,sgd,0.6510416666666666,0.3943217665615142
diabetes.data,"(24,)",logistic,6,False,sgd,0.6510478659280962,0.39432307377704884
diabetes.data,"(24,)",logistic,8,False,sgd,0.6510580575149214,0.3943272292993631
diabetes.data,"(27,)",logistic,2,True,adam,0.5,0.3265045126243864
diabetes.data,"(27,)",logistic,4,True,adam,0.5755208333333333,0.3604131395929503
diabetes.data,"(27,)",logistic,6,True,adam,0.5016957364341085,0.3430898710019883
diabetes.data,"(27,)",logistic,8,True,adam,0.6142159522517634,0.38118363491740404
diabetes.data,"(27,)",logistic,2,True,sgd,0.6510416666666666,0.3943217665615142
diabetes.data,"(27,)",logistic,4,True,sgd,0.42447916666666663,0.29259588565582256
diabetes.data,"(27,)",logistic,6,True,sgd,0.5,0.3265025765738671
diabetes.data,"(27,)",logistic,8,True,sgd,0.5747422680412371,0.36005423964968153
diabetes.data,"(27,)",logistic,2,False,adam,0.6861979166666666,0.5059738320656574
diabetes.data,"(27,)",logistic,4,False,adam,0.7135416666666666,0.6011771733450435
diabetes.data,"(27,)",logistic,6,False,adam,0.725350703345948,0.6495823639350291
diabetes.data,"(27,)",logistic,8,False,adam,0.7306701030927835,0.6598852716772374
diabetes.data,"(27,)",logistic,2,False,sgd,0.6510416666666666,0.3943217665615142
diabetes.data,"(27,)",logistic,4,False,sgd,0.6510416666666666,0.3943217665615142
diabetes.data,"(27,)",logistic,6,False,sgd,0.6510478659280962,0.39432307377704884
diabetes.data,"(27,)",logistic,8,False,sgd,0.6510580575149214,0.3943272292993631
diabetes.data,"(3,)",tanh,2,True,adam,0.5,0.3265045126243864
diabetes.data,"(3,)",tanh,4,True,adam,0.5729166666666666,0.35945174557161935
diabetes.data,"(3,)",tanh,6,True,adam,0.5543140342377261,0.429552410862583
diabetes.data,"(3,)",tanh,8,True,adam,0.5524552360282149,0.3640171013789051
diabetes.data,"(3,)",tanh,2,True,sgd,0.5,0.3265045126243864
diabetes.data,"(3,)",tanh,4,True,sgd,0.48046875,0.44051532197901955
diabetes.data,"(3,)",tanh,6,True,sgd,0.5494791666666666,0.3487107969027899
diabetes.data,"(3,)",tanh,8,True,sgd,0.562696690179056,0.38478081680591036
diabetes.data,"(3,)",tanh,2,False,adam,0.5755208333333334,0.4807198669430549
diabetes.data,"(3,)",tanh,4,False,adam,0.7252604166666667,0.6532239140809759
diabetes.data,"(3,)",tanh,6,False,adam,0.725156698254288,0.6593398949526303
diabetes.data,"(3,)",tanh,8,False,adam,0.7450352685838306,0.6835967761966159
diabetes.data,"(3,)",tanh,2,False,sgd,0.6575520833333333,0.42584076102895785
diabetes.data,"(3,)",tanh,4,False,sgd,0.6549479166666666,0.4120638933664147
diabetes.data,"(3,)",tanh,6,False,sgd,0.6575685352194348,0.4246172966315736
diabetes.data,"(3,)",tanh,8,False,sgd,0.6562398263700489,0.42117948205987477
diabetes.data,"(6,)",tanh,2,True,adam,0.34765625,0.26378469404009675
diabetes.data,"(6,)",tanh,4,True,adam,0.6341145833333333,0.46737594811902705
diabetes.data,"(6,)",tanh,6,True,adam,0.6342624118751145,0.5248073508081783
diabetes.data,"(6,)",tanh,8,True,adam,0.6149755832881172,0.4398889797618898
diabetes.data,"(6,)",tanh,2,True,sgd,0.37109375,0.32755843333920304
diabetes.data,"(6,)",tanh,4,True,sgd,0.4375,0.3263148471480335
diabetes.data,"(6,)",tanh,6,True,sgd,0.602470930232558,0.403455383413508
diabetes.data,"(6,)",tanh,8,True,sgd,0.5589799240368963,0.3962382450605826
diabetes.data,"(6,)",tanh,2,False,adam,0.7096354166666666,0.6240184892788556
diabetes.data,"(6,)",tanh,4,False,adam,0.7369791666666666,0.6838387053469168
diabetes.data,"(6,)",tanh,6,False,adam,0.7473648370261857,0.6989931127064825
diabetes.data,"(6,)",tanh,8,False,adam,0.7394736842105263,0.6857696150834792
diabetes.data,"(6,)",tanh,2,False,sgd,0.6588541666666667,0.4273599735252751
diabetes.data,"(6,)",tanh,4,False,sgd,0.6536458333333334,0.40851001235140516
diabetes.data,"(6,)",tanh,6,False,sgd,0.6471416159280962,0.39286481639462084
diabetes.data,"(6,)",tanh,8,False,sgd,0.650976668475312,0.4043148636066445
diabetes.data,"(9,)",tanh,2,True,adam,0.5,0.3265045126243864
diabetes.data,"(9,)",tanh,4,True,adam,0.4231770833333333,0.35364087509025777
diabetes.data,"(9,)",tanh,6,True,adam,0.48990100574274137,0.35198110569513613
diabetes.data,"(9,)",tanh,8,True,adam,0.5668475311991318,0.3960214968112636
diabetes.data,"(9,)",tanh,2,True,sgd,0.40104166666666663,0.3384765106017451
diabetes.data,"(9,)",tanh,4,True,sgd,0.4153645833333333,0.35307055315925884
diabetes.data,"(9,)",tanh,6,True,sgd,0.498718104005168,0.341525232748505
diabetes.data,"(9,)",tanh,8,True,sgd,0.4660065111231687,0.3802369026590642
diabetes.data,"(9,)",tanh,2,False,adam,0.7278645833333333,0.6693671421599156
diabetes.data,"(9,)",tanh,4,False,adam,0.7591145833333334,0.7106181769588212
diabetes.data,"(9,)",tanh,6,False,adam,0.7579450688213392,0.7151203673201643
diabetes.data,"(9,)",tanh,8,False,adam,0.7604720564297341,0.7168205354155978
diabetes.data,"(9,)",tanh,2,False,sgd,0.6549479166666667,0.4096646704106008
diabetes.data,"(9,)",tanh,4,False,sgd,0.6692708333333333,0.45349575362214206
diabetes.data,"(9,)",tanh,6,False,sgd,0.6653505952562616,0.43273708820617074
diabetes.data,"(9,)",tanh,8,False,sgd,0.6561855670103094,0.4183891613673548
diabetes.data,"(12,)",tanh,2,True,adam,0.5,0.3265045126243864
diabetes.data,"(12,)",tanh,4,True,adam,0.55859375,0.3814635899799833
diabetes.data,"(12,)",tanh,6,True,adam,0.5099463175751286,0.3914500404715027
diabetes.data,"(12,)",tanh,8,True,adam,0.5333966359196961,0.36264741496436403
diabetes.data,"(12,)",tanh,2,True,sgd,0.5481770833333333,0.3845361842783491
diabetes.data,"(12,)",tanh,4,True,sgd,0.5729166666666666,0.3879975130646832
diabetes.data,"(12,)",tanh,6,True,sgd,0.602379292432196,0.49086116702300203
diabetes.data,"(12,)",tanh,8,True,sgd,0.5242946283233858,0.387716443497552
diabetes.data,"(12,)",tanh,2,False,adam,0.7408854166666667,0.6848078105723826
diabetes.data,"(12,)",tanh,4,False,adam,0.7408854166666666,0.6836473945693953
diabetes.data,"(12,)",tanh,6,False,adam,0.7645370296191173,0.7208569121796029
diabetes.data,"(12,)",tanh,8,False,adam,0.7666711882799783,0.7234393245450359
diabetes.data,"(12,)",tanh,2,False,sgd,0.66015625,0.42164921498999447
diabetes.data,"(12,)",tanh,4,False,sgd,0.6588541666666666,0.42644050595034966
diabetes.data,"(12,)",tanh,6,False,sgd,0.6484642045107734,0.4145333513836522
diabetes.data,"(12,)",tanh,8,False,sgd,0.661475854584916,0.42823526723511696
diabetes.data,"(15,)",tanh,2,True,adam,0.65234375,0.4449061391806296
diabetes.data,"(15,)",tanh,4,True,adam,0.58203125,0.4096150734461733
diabetes.data,"(15,)",tanh,6,True,adam,0.5185660726820485,0.39849138174826004
diabetes.data,"(15,)",tanh,8,True,adam,0.5443434617471514,0.39455044797284644
diabetes.data,"(15,)",tanh,2,True,sgd,0.66015625,0.5275153550517245
diabetes.data,"(15,)",tanh,4,True,sgd,0.4192708333333333,0.3171367904333895
diabetes.data,"(15,)",tanh,6,True,sgd,0.6445879176076827,0.4164447431247787
diabetes.data,"(15,)",tanh,8,True,sgd,0.4560770482908302,0.33813906684173284
diabetes.data,"(15,)",tanh,2,False,adam,0.75,0.7013097517889322
diabetes.data,"(15,)",tanh,4,False,adam,0.7578125,0.7120991349397664
diabetes.data,"(15,)",tanh,6,False,adam,0.7525943114305479,0.7114880703059002
diabetes.data,"(15,)",tanh,8,False,adam,0.7682582745523603,0.7295126450697794
diabetes.data,"(15,)",tanh,2,False,sgd,0.6510416666666666,0.3943217665615142
diabetes.data,"(15,)",tanh,4,False,sgd,0.66796875,0.4513876696113698
diabetes.data,"(15,)",tanh,6,False,sgd,0.6640893634661946,0.45087259811011965
diabetes.data,"(15,)",tanh,8,False,sgd,0.6576370048833424,0.4165285495251603
diabetes.data,"(18,)",tanh,2,True,adam,0.5533854166666667,0.4095093909074953
diabetes.data,"(18,)",tanh,4,True,adam,0.5833333333333334,0.46723665279398546
diabetes.data,"(18,)",tanh,6,True,adam,0.5455114009186351,0.4068525699449049
diabetes.data,"(18,)",tanh,8,True,adam,0.5017362995116658,0.3536200950157331
diabetes.data,"(18,)",tanh,2,True,sgd,0.6432291666666667,0.44355008403555507
diabetes.data,"(18,)",tanh,4,True,sgd,0.5625,0.4129788776124889
diabetes.data,"(18,)",tanh,6,True,sgd,0.46403800496958225,0.3805339122966058
diabetes.data,"(18,)",tanh,8,True,sgd,0.514514378730331,0.39815573149256456
diabetes.data,"(18,)",tanh,2,False,adam,0.7239583333333333,0.6535056087276179
diabetes.data,"(18,)",tanh,4,False,adam,0.7513020833333334,0.7081608753766391
diabetes.data,"(18,)",tanh,6,False,adam,0.7657578867321817,0.7261916972121979
diabetes.data,"(18,)",tanh,8,False,adam,0.7655181768855127,0.7254564857212105
diabetes.data,"(18,)",tanh,2,False,sgd,0.6536458333333333,0.40889882686583445
diabetes.data,"(18,)",tanh,4,False,sgd,0.65234375,0.40501482395500776
diabetes.data,"(18,)",tanh,6,False,sgd,0.6537031367627012,0.4210300066049171
diabetes.data,"(18,)",tanh,8,False,sgd,0.6563483450895279,0.4249154448900595
diabetes.data,"(21,)",tanh,2,True,adam,0.6328125,0.4128075229957633
diabetes.data,"(21,)",tanh,4,True,adam,0.640625,0.405513242714879
diabetes.data,"(21,)",tanh,6,True,adam,0.5960625629463469,0.4072007057484361
diabetes.data,"(21,)",tanh,8,True,adam,0.6253662506782419,0.4653151725625704
diabetes.data,"(21,)",tanh,2,True,sgd,0.49609375,0.3314190619503351
diabetes.data,"(21,)",tanh,4,True,sgd,0.5833333333333333,0.41668866814484873
diabetes.data,"(21,)",tanh,6,True,sgd,0.5025839793281653,0.36977806318243117
diabetes.data,"(21,)",tanh,8,True,sgd,0.5863537710255019,0.4715557356282353
diabetes.data,"(21,)",tanh,2,False,adam,0.7395833333333333,0.689724617242195
diabetes.data,"(21,)",tanh,4,False,adam,0.7747395833333333,0.7343733381352378
diabetes.data,"(21,)",tanh,6,False,adam,0.76559495742538,0.7285570062212839
diabetes.data,"(21,)",tanh,8,False,adam,0.7617878459034183,0.7227780410392732
diabetes.data,"(21,)",tanh,2,False,sgd,0.6536458333333333,0.40229863458381
diabetes.data,"(21,)",tanh,4,False,sgd,0.6536458333333333,0.40219405093907906
diabetes.data,"(21,)",tanh,6,False,sgd,0.6628787589778022,0.4611691169090238
diabetes.data,"(21,)",tanh,8,False,sgd,0.6550325556158437,0.4178580440229066
diabetes.data,"(24,)",tanh,2,True,adam,0.61328125,0.4158303722259995
diabetes.data,"(24,)",tanh,4,True,adam,0.43229166666666663,0.35097324311504724
diabetes.data,"(24,)",tanh,6,True,adam,0.4484353382062707,0.3456315765096662
diabetes.data,"(24,)",tanh,8,True,adam,0.6271025501899077,0.45616429670485786
diabetes.data,"(24,)",tanh,2,True,sgd,0.5,0.3265045126243864
diabetes.data,"(24,)",tanh,4,True,sgd,0.6614583333333334,0.4975080091405112
diabetes.data,"(24,)",tanh,6,True,sgd,0.5717683727034121,0.4453324607787288
diabetes.data,"(24,)",tanh,8,True,sgd,0.5532148670645687,0.4296554514031562
diabetes.data,"(24,)",tanh,2,False,adam,0.74609375,0.6968681001435669
diabetes.data,"(24,)",tanh,4,False,adam,0.7682291666666667,0.7277837858525651
diabetes.data,"(24,)",tanh,6,False,adam,0.7732961091527804,0.7341763772806901
diabetes.data,"(24,)",tanh,8,False,adam,0.769519804666305,0.7284839016372645
diabetes.data,"(24,)",tanh,2,False,sgd,0.6510416666666666,0.3943217665615142
diabetes.data,"(24,)",tanh,4,False,sgd,0.6588541666666667,0.4314258904696331
diabetes.data,"(24,)",tanh,6,False,sgd,0.6589116290514558,0.4280005506175761
diabetes.data,"(24,)",tanh,8,False,sgd,0.6614215952251763,0.433834781255515
diabetes.data,"(27,)",tanh,2,True,adam,0.5286458333333334,0.46591453677636985
diabetes.data,"(27,)",tanh,4,True,adam,0.6640625,0.46566138822615355
diabetes.data,"(27,)",tanh,6,True,adam,0.5777632174611894,0.4785258471954082
diabetes.data,"(27,)",tanh,8,True,adam,0.6575556158437331,0.4677225192089042
diabetes.data,"(27,)",tanh,2,True,sgd,0.4765625,0.3265422182624922
diabetes.data,"(27,)",tanh,4,True,sgd,0.4153645833333333,0.2979122726160574
diabetes.data,"(27,)",tanh,6,True,sgd,0.6199412437180818,0.4460576837855424
diabetes.data,"(27,)",tanh,8,True,sgd,0.5283505154639175,0.3602896068752952
diabetes.data,"(27,)",tanh,2,False,adam,0.7578125,0.7139496384651993
diabetes.data,"(27,)",tanh,4,False,adam,0.7643229166666666,0.722457344645862
diabetes.data,"(27,)",tanh,6,False,adam,0.7721773014201713,0.7326955415990861
diabetes.data,"(27,)",tanh,8,False,adam,0.7708627238198589,0.7325306327817684
diabetes.data,"(27,)",tanh,2,False,sgd,0.65234375,0.398336940854919
diabetes.data,"(27,)",tanh,4,False,sgd,0.65234375,0.405016509607721
diabetes.data,"(27,)",tanh,6,False,sgd,0.668016436626381,0.4658924344656003
diabetes.data,"(27,)",tanh,8,False,sgd,0.6627373846988607,0.4416452616087866
seeds.data,"(3,)",relu,2,True,adam,0.3333333333333333,0.16666666666666666
seeds.data,"(3,)",relu,4,True,adam,0.3333333333333333,0.16666666666666666
seeds.data,"(3,)",relu,6,True,adam,0.3371212121212121,0.21192859526192856
seeds.data,"(3,)",relu,8,True,adam,0.38252314814814814,0.26471436257390557
seeds.data,"(3,)",relu,2,True,sgd,0.2714285714285714,0.15816326530612243
seeds.data,"(3,)",relu,4,True,sgd,0.369553376906318,0.2418902956946435
seeds.data,"(3,)",relu,6,True,sgd,0.4212962962962963,0.2751131221719457
seeds.data,"(3,)",relu,8,True,sgd,0.27835648148148145,0.16394478844169247
seeds.data,"(3,)",relu,2,False,adam,0.40476190476190477,0.2952744539411206
seeds.data,"(3,)",relu,4,False,adam,0.6870915032679739,0.6188306869736975
seeds.data,"(3,)",relu,6,False,adam,0.5462962962962963,0.4676383588570443
seeds.data,"(3,)",relu,8,False,adam,0.5538194444444444,0.43834342751435673
seeds.data,"(3,)",relu,2,False,sgd,0.5333333333333333,0.4503427387215049
seeds.data,"(3,)",relu,4,False,sgd,0.3333333333333333,0.16666666666666666
seeds.data,"(3,)",relu,6,False,sgd,0.49242424242424243,0.4021196480794453
seeds.data,"(3,)",relu,8,False,sgd,0.4027777777777778,0.27513348919598923
seeds.data,"(6,)",relu,2,True,adam,0.20952380952380953,0.12493814472231739
seeds.data,"(6,)",relu,4,True,adam,0.38888888888888884,0.238237639553429
seeds.data,"(6,)",relu,6,True,adam,0.2765151515151515,0.1504120879120879
seeds.data,"(6,)",relu,8,True,adam,0.33796296296296297,0.2002488136863137
seeds.data,"(6,)",relu,2,True,sgd,0.43333333333333335,0.30758962623951186
seeds.data,"(6,)",relu,4,True,sgd,0.33278867102396514,0.19187431283967213
seeds.data,"(6,)",relu,6,True,sgd,0.35185185185185186,0.21869918699186988
seeds.data,"(6,)",relu,8,True,sgd,0.33217592592592593,0.22121056027306027
seeds.data,"(6,)",relu,2,False,adam,0.7666666666666666,0.7023435985134787
seeds.data,"(6,)",relu,4,False,adam,0.6998910675381265,0.6428326228829325
seeds.data,"(6,)",relu,6,False,adam,0.654040404040404,0.5938730326865034
seeds.data,"(6,)",relu,8,False,adam,0.7320601851851851,0.6765773194405773
seeds.data,"(6,)",relu,2,False,sgd,0.5952380952380952,0.510856501804702
seeds.data,"(6,)",relu,4,False,sgd,0.4904684095860566,0.3805212060549697
seeds.data,"(6,)",relu,6,False,sgd,0.5332491582491583,0.4419088198008934
seeds.data,"(6,)",relu,8,False,sgd,0.48437499999999994,0.38466969275916196
seeds.data,"(9,)",relu,2,True,adam,0.3333333333333333,0.16666666666666666
seeds.data,"(9,)",relu,4,True,adam,0.3935185185185185,0.26113659158888086
seeds.data,"(9,)",relu,6,True,adam,0.29166666666666663,0.18605898100791218
seeds.data,"(9,)",relu,8,True,adam,0.24942129629629628,0.13480647917429528
seeds.data,"(9,)",relu,2,True,sgd,0.3380952380952381,0.17808641975308642
seeds.data,"(9,)",relu,4,True,sgd,0.23148148148148145,0.11764705882352941
seeds.data,"(9,)",relu,6,True,sgd,0.3333333333333333,0.2171008004341338
seeds.data,"(9,)",relu,8,True,sgd,0.31481481481481477,0.17435297677233158
seeds.data,"(9,)",relu,2,False,adam,0.7714285714285715,0.736093694698301
seeds.data,"(9,)",relu,4,False,adam,0.8221677559912854,0.8164013665509295
seeds.data,"(9,)",relu,6,False,adam,0.8114478114478114,0.7860738729613178
seeds.data,"(9,)",relu,8,False,adam,0.7436342592592593,0.6900422562436292
seeds.data,"(9,)",relu,2,False,sgd,0.5619047619047619,0.46576794923313913
seeds.data,"(9,)",relu,4,False,sgd,0.7715141612200436,0.7489038964635345
seeds.data,"(9,)",relu,6,False,sgd,0.7680976430976431,0.7147309353056479
seeds.data,"(9,)",relu,8,False,sgd,0.6545138888888888,0.5875532785031035
seeds.data,"(12,)",relu,2,True,adam,0.17142857142857143,0.08653846153846154
seeds.data,"(12,)",relu,4,True,adam,0.3801742919389978,0.2503221232562981
seeds.data,"(12,)",relu,6,True,adam,0.3274410774410775,0.21833185311671788
seeds.data,"(12,)",relu,8,True,adam,0.22743055555555552,0.15789603670566754
seeds.data,"(12,)",relu,2,True,sgd,0.2,0.13452380952380952
seeds.data,"(12,)",relu,4,True,sgd,0.32080610021786493,0.21145299145299146
seeds.data,"(12,)",relu,6,True,sgd,0.324074074074074,0.19982062808149761
seeds.data,"(12,)",relu,8,True,sgd,0.3917824074074074,0.26015423619590283
seeds.data,"(12,)",relu,2,False,adam,0.8952380952380953,0.8941696976479585
seeds.data,"(12,)",relu,4,False,adam,0.7965686274509804,0.7713175902360755
seeds.data,"(12,)",relu,6,False,adam,0.8670033670033669,0.858516891053123
seeds.data,"(12,)",relu,8,False,adam,0.8518518518518519,0.8351798939470565
seeds.data,"(12,)",relu,2,False,sgd,0.5333333333333333,0.43144074217390166
seeds.data,"(12,)",relu,4,False,sgd,0.7641612200435729,0.7093098364750461
seeds.data,"(12,)",relu,6,False,sgd,0.6262626262626262,0.5690059372352417
seeds.data,"(12,)",relu,8,False,sgd,0.6869212962962963,0.6467545901586487
seeds.data,"(15,)",relu,2,True,adam,0.3,0.15350877192982454
seeds.data,"(15,)",relu,4,True,adam,0.28404139433551195,0.16212797619047617
seeds.data,"(15,)",relu,6,True,adam,0.3434343434343434,0.1875746714456392
seeds.data,"(15,)",relu,8,True,adam,0.3292824074074074,0.19813532075821982
seeds.data,"(15,)",relu,2,True,sgd,0.419047619047619,0.2932722832722833
seeds.data,"(15,)",relu,4,True,sgd,0.3333333333333333,0.18008870214752565
seeds.data,"(15,)",relu,6,True,sgd,0.29966329966329963,0.19660782249017547
seeds.data,"(15,)",relu,8,True,sgd,0.30787037037037035,0.16547937356760883
seeds.data,"(15,)",relu,2,False,adam,0.8952380952380952,0.8914457464790011
seeds.data,"(15,)",relu,4,False,adam,0.8273420479302832,0.7921246878114157
seeds.data,"(15,)",relu,6,False,adam,0.8388047138047138,0.8144228929812454
seeds.data,"(15,)",relu,8,False,adam,0.8854166666666666,0.881859366553639
seeds.data,"(15,)",relu,2,False,sgd,0.5666666666666667,0.4963628192112801
seeds.data,"(15,)",relu,4,False,sgd,0.7145969498910676,0.6566112545074019
seeds.data,"(15,)",relu,6,False,sgd,0.7617845117845118,0.6964527771058123
seeds.data,"(15,)",relu,8,False,sgd,0.671875,0.6185528129215874
seeds.data,"(18,)",relu,2,True,adam,0.18095238095238095,0.10398218427155807
seeds.data,"(18,)",relu,4,True,adam,0.3472222222222222,0.20050461761798863
seeds.data,"(18,)",relu,6,True,adam,0.42424242424242425,0.3088632304318579
seeds.data,"(18,)",relu,8,True,adam,0.3298611111111111,0.21137730142664352
seeds.data,"(18,)",relu,2,True,sgd,0.21904761904761905,0.11494252873563218
seeds.data,"(18,)",relu,4,True,sgd,0.4025054466230937,0.2612897985705003
seeds.data,"(18,)",relu,6,True,sgd,0.32786195286195285,0.19797178130511464
seeds.data,"(18,)",relu,8,True,sgd,0.3616898148148148,0.25682575594340296
seeds.data,"(18,)",relu,2,False,adam,0.9142857142857144,0.9120603051751597
seeds.data,"(18,)",relu,4,False,adam,0.8600217864923747,0.8553279580647813
seeds.data,"(18,)",relu,6,False,adam,0.9006734006734006,0.8985213739561565
seeds.data,"(18,)",relu,8,False,adam,0.8501157407407407,0.8324921820955102
seeds.data,"(18,)",relu,2,False,sgd,0.719047619047619,0.6693199729462174
seeds.data,"(18,)",relu,4,False,sgd,0.8287037037037037,0.8182127640956164
seeds.data,"(18,)",relu,6,False,sgd,0.7415824915824917,0.6965229081103276
seeds.data,"(18,)",relu,8,False,sgd,0.7256944444444444,0.6767873351690015
seeds.data,"(21,)",relu,2,True,adam,0.3333333333333333,0.1672661870503597
seeds.data,"(21,)",relu,4,True,adam,0.4474400871459695,0.31466169443763786
seeds.data,"(21,)",relu,6,True,adam,0.35185185185185186,0.20590062111801244
seeds.data,"(21,)",relu,8,True,adam,0.2962962962962963,0.17974445812807882
seeds.data,"(21,)",relu,2,True,sgd,0.2523809523809524,0.15607101947308133
seeds.data,"(21,)",relu,4,True,sgd,0.3420479302832244,0.23774240465416935
seeds.data,"(21,)",relu,6,True,sgd,0.2786195286195286,0.16989611562782292
seeds.data,"(21,)",relu,8,True,sgd,0.3616898148148148,0.21211517537122376
seeds.data,"(21,)",relu,2,False,adam,0.8952380952380952,0.8922801056246561
seeds.data,"(21,)",relu,4,False,adam,0.9101307189542484,0.90962013884808
seeds.data,"(21,)",relu,6,False,adam,0.8674242424242423,0.8563425430832728
seeds.data,"(21,)",relu,8,False,adam,0.9045138888888888,0.9020812896683641
seeds.data,"(21,)",relu,2,False,sgd,0.8666666666666667,0.8607955611739582
seeds.data,"(21,)",relu,4,False,sgd,0.7295751633986928,0.6487298989448504
seeds.data,"(21,)",relu,6,False,sgd,0.7849326599326599,0.753902070492415
seeds.data,"(21,)",relu,8,False,sgd,0.728587962962963,0.6715614216638917
seeds.data,"(24,)",relu,2,True,adam,0.3476190476190476,0.20575158786167957
seeds.data,"(24,)",relu,4,True,adam,0.28594771241830064,0.20328212462419606
seeds.data,"(24,)",relu,6,True,adam,0.3329124579124579,0.18417312661498705
seeds.data,"(24,)",relu,8,True,adam,0.38599537037037035,0.25656066156066154
seeds.data,"(24,)",relu,2,True,sgd,0.41428571428571426,0.33135171296176147
seeds.data,"(24,)",relu,4,True,sgd,0.2696078431372549,0.14534353094375563
seeds.data,"(24,)",relu,6,True,sgd,0.2824074074074074,0.15550532393195785
seeds.data,"(24,)",relu,8,True,sgd,0.4288194444444444,0.28729686979686975
seeds.data,"(24,)",relu,2,False,adam,0.8809523809523809,0.8779859752929188
seeds.data,"(24,)",relu,4,False,adam,0.9000544662309368,0.8975465553966628
seeds.data,"(24,)",relu,6,False,adam,0.9002525252525254,0.8977857006117876
seeds.data,"(24,)",relu,8,False,adam,0.890625,0.887859661408423
seeds.data,"(24,)",relu,2,False,sgd,0.6238095238095238,0.5640067367539122
seeds.data,"(24,)",relu,4,False,sgd,0.6633986928104575,0.5990965073108373
seeds.data,"(24,)",relu,6,False,sgd,0.7689393939393939,0.7211527318287052
seeds.data,"(24,)",relu,8,False,sgd,0.8078703703703703,0.7888525811706926
seeds.data,"(27,)",relu,2,True,adam,0.3333333333333333,0.16666666666666666
seeds.data,"(27,)",relu,4,True,adam,0.2696078431372549,0.13888888888888887
seeds.data,"(27,)",relu,6,True,adam,0.31186868686868685,0.2109833713642079
seeds.data,"(27,)",relu,8,True,adam,0.35648148148148145,0.2117063492063492
seeds.data,"(27,)",relu,2,True,sgd,0.3380952380952381,0.1898989898989899
seeds.data,"(27,)",relu,4,True,sgd,0.33197167755991286,0.23577413850838858
seeds.data,"(27,)",relu,6,True,sgd,0.35648148148148145,0.20675964572941055
seeds.data,"(27,)",relu,8,True,sgd,0.375,0.2642032851198005
seeds.data,"(27,)",relu,2,False,adam,0.8904761904761904,0.888483560552354
seeds.data,"(27,)",relu,4,False,adam,0.9087690631808278,0.9063476850708622
seeds.data,"(27,)",relu,6,False,adam,0.8998316498316498,0.8970023991038483
seeds.data,"(27,)",relu,8,False,adam,0.9131944444444444,0.9094249851312545
seeds.data,"(27,)",relu,2,False,sgd,0.8142857142857143,0.8104514150235287
seeds.data,"(27,)",relu,4,False,sgd,0.7864923747276689,0.7498354193216192
seeds.data,"(27,)",relu,6,False,sgd,0.7756734006734006,0.7420425929270036
seeds.data,"(27,)",relu,8,False,sgd,0.8333333333333333,0.8109660713956379
seeds.data,"(3,)",logistic,2,True,adam,0.3333333333333333,0.16666666666666666
seeds.data,"(3,)",logistic,4,True,adam,0.3333333333333333,0.16666666666666666
seeds.data,"(3,)",logistic,6,True,adam,0.38888888888888884,0.2314814814814815
seeds.data,"(3,)",logistic,8,True,adam,0.37037037037037035,0.21306022408963585
seeds.data,"(3,)",logistic,2,True,sgd,0.37142857142857144,0.2337326755931407
seeds.data,"(3,)",logistic,4,True,sgd,0.3333333333333333,0.16666666666666666
seeds.data,"(3,)",logistic,6,True,sgd,0.2962962962962963,0.15244229736983358
seeds.data,"(3,)",logistic,8,True,sgd,0.3622685185185185,0.2158005038439821
seeds.data,"(3,)",logistic,2,False,adam,0.6190476190476191,0.5389864831086244
seeds.data,"(3,)",logistic,4,False,adam,0.6478758169934641,0.5471431737248719
seeds.data,"(3,)",logistic,6,False,adam,0.41203703703703703,0.2687510442773601
seeds.data,"(3,)",logistic,8,False,adam,0.4768518518518518,0.3537177284609373
seeds.data,"(3,)",logistic,2,False,sgd,0.3333333333333333,0.16666666666666666
seeds.data,"(3,)",logistic,4,False,sgd,0.34259259259259256,0.1898148148148148
seeds.data,"(3,)",logistic,6,False,sgd,0.3383838383838384,0.1819142512077295
seeds.data,"(3,)",logistic,8,False,sgd,0.3333333333333333,0.16666666666666666
seeds.data,"(6,)",logistic,2,True,adam,0.3333333333333333,0.16666666666666666
seeds.data,"(6,)",logistic,4,True,adam,0.3333333333333333,0.17115384615384613
seeds.data,"(6,)",logistic,6,True,adam,0.3333333333333333,0.16666666666666666
seeds.data,"(6,)",logistic,8,True,adam,0.37962962962962965,0.22749999999999998
seeds.data,"(6,)",logistic,2,True,sgd,0.3333333333333333,0.16666666666666666
seeds.data,"(6,)",logistic,4,True,sgd,0.3333333333333333,0.16666666666666666
seeds.data,"(6,)",logistic,6,True,sgd,0.3333333333333333,0.16666666666666666
seeds.data,"(6,)",logistic,8,True,sgd,0.3055555555555556,0.156687675070028
seeds.data,"(6,)",logistic,2,False,adam,0.6571428571428571,0.5907616849732962
seeds.data,"(6,)",logistic,4,False,adam,0.7726034858387799,0.7438311691154056
seeds.data,"(6,)",logistic,6,False,adam,0.6700336700336701,0.5833721472227219
seeds.data,"(6,)",logistic,8,False,adam,0.5590277777777778,0.4859530774940258
seeds.data,"(6,)",logistic,2,False,sgd,0.3333333333333333,0.16666666666666666
seeds.data,"(6,)",logistic,4,False,sgd,0.3379629629629629,0.17602545095132194
seeds.data,"(6,)",logistic,6,False,sgd,0.3333333333333333,0.16666666666666666
seeds.data,"(6,)",logistic,8,False,sgd,0.3287037037037037,0.17894557901530517
seeds.data,"(9,)",logistic,2,True,adam,0.3333333333333333,0.16666666666666666
seeds.data,"(9,)",logistic,4,True,adam,0.3333333333333333,0.16666666666666666
seeds.data,"(9,)",logistic,6,True,adam,0.3333333333333333,0.16666666666666666
seeds.data,"(9,)",logistic,8,True,adam,0.3333333333333333,0.16666666666666666
seeds.data,"(9,)",logistic,2,True,sgd,0.3333333333333333,0.16666666666666666
seeds.data,"(9,)",logistic,4,True,sgd,0.3333333333333333,0.16666666666666666
seeds.data,"(9,)",logistic,6,True,sgd,0.3333333333333333,0.16666666666666666
seeds.data,"(9,)",logistic,8,True,sgd,0.3333333333333333,0.16666666666666666
seeds.data,"(9,)",logistic,2,False,adam,0.7714285714285715,0.7292470249630878
seeds.data,"(9,)",logistic,4,False,adam,0.7636165577342048,0.7173942475003796
seeds.data,"(9,)",logistic,6,False,adam,0.8287037037037037,0.8168651149885843
seeds.data,"(9,)",logistic,8,False,adam,0.7795138888888888,0.7288463410439787
seeds.data,"(9,)",logistic,2,False,sgd,0.3619047619047619,0.22132393587617466
seeds.data,"(9,)",logistic,4,False,sgd,0.4011437908496732,0.2672979309158171
seeds.data,"(9,)",logistic,6,False,sgd,0.41498316498316495,0.2776609768360127
seeds.data,"(9,)",logistic,8,False,sgd,0.37037037037037035,0.2165966386554622
seeds.data,"(12,)",logistic,2,True,adam,0.3333333333333333,0.16666666666666666
seeds.data,"(12,)",logistic,4,True,adam,0.3333333333333333,0.16666666666666666
seeds.data,"(12,)",logistic,6,True,adam,0.3333333333333333,0.16666666666666666
seeds.data,"(12,)",logistic,8,True,adam,0.3194444444444444,0.166289592760181
seeds.data,"(12,)",logistic,2,True,sgd,0.3333333333333333,0.16666666666666666
seeds.data,"(12,)",logistic,4,True,sgd,0.3333333333333333,0.16666666666666666
seeds.data,"(12,)",logistic,6,True,sgd,0.3333333333333333,0.16725768321513002
seeds.data,"(12,)",logistic,8,True,sgd,0.3333333333333333,0.16666666666666666
seeds.data,"(12,)",logistic,2,False,adam,0.7476190476190476,0.6869944748234222
seeds.data,"(12,)",logistic,4,False,adam,0.8570261437908497,0.8454654001416351
seeds.data,"(12,)",logistic,6,False,adam,0.8341750841750842,0.8171890347650996
seeds.data,"(12,)",logistic,8,False,adam,0.818287037037037,0.7983296656187524
seeds.data,"(12,)",logistic,2,False,sgd,0.3333333333333333,0.16666666666666666
seeds.data,"(12,)",logistic,4,False,sgd,0.4196623093681917,0.29384892984867256
seeds.data,"(12,)",logistic,6,False,sgd,0.48148148148148145,0.33609265987562126
seeds.data,"(12,)",logistic,8,False,sgd,0.32233796296296297,0.2000723872414791
seeds.data,"(15,)",logistic,2,True,adam,0.3333333333333333,0.16666666666666666
seeds.data,"(15,)",logistic,4,True,adam,0.3333333333333333,0.16666666666666666
seeds.data,"(15,)",logistic,6,True,adam,0.3333333333333333,0.16666666666666666
seeds.data,"(15,)",logistic,8,True,adam,0.3333333333333333,0.16666666666666666
seeds.data,"(15,)",logistic,2,True,sgd,0.3333333333333333,0.16666666666666666
seeds.data,"(15,)",logistic,4,True,sgd,0.3333333333333333,0.16666666666666666
seeds.data,"(15,)",logistic,6,True,sgd,0.3333333333333333,0.16666666666666666
seeds.data,"(15,)",logistic,8,True,sgd,0.3287037037037037,0.17147435897435898
seeds.data,"(15,)",logistic,2,False,adam,0.8523809523809524,0.8392270659814519
seeds.data,"(15,)",logistic,4,False,adam,0.8082788671023965,0.7770093877901001
seeds.data,"(15,)",logistic,6,False,adam,0.8463804713804715,0.8334621332326645
seeds.data,"(15,)",logistic,8,False,adam,0.8333333333333333,0.8145670509544348
seeds.data,"(15,)",logistic,2,False,sgd,0.3476190476190476,0.19478825385268778
seeds.data,"(15,)",logistic,4,False,sgd,0.4444444444444444,0.3090027944938659
seeds.data,"(15,)",logistic,6,False,sgd,0.4671717171717171,0.3394839822241172
seeds.data,"(15,)",logistic,8,False,sgd,0.35648148148148145,0.20467728797938692
seeds.data,"(18,)",logistic,2,True,adam,0.3333333333333333,0.16666666666666666
seeds.data,"(18,)",logistic,4,True,adam,0.3333333333333333,0.16666666666666666
seeds.data,"(18,)",logistic,6,True,adam,0.3333333333333333,0.16666666666666666
seeds.data,"(18,)",logistic,8,True,adam,0.2962962962962963,0.14891975308641975
seeds.data,"(18,)",logistic,2,True,sgd,0.3333333333333333,0.16666666666666666
seeds.data,"(18,)",logistic,4,True,sgd,0.3333333333333333,0.16666666666666666
seeds.data,"(18,)",logistic,6,True,sgd,0.32870370370370366,0.17380952380952377
seeds.data,"(18,)",logistic,8,True,sgd,0.30092592592592593,0.15158045977011492
seeds.data,"(18,)",logistic,2,False,adam,0.8285714285714285,0.801648784148973
seeds.data,"(18,)",logistic,4,False,adam,0.8477668845315904,0.8361154786881284
seeds.data,"(18,)",logistic,6,False,adam,0.8425925925925926,0.8297614564380232
seeds.data,"(18,)",logistic,8,False,adam,0.8258101851851851,0.7984782306006564
seeds.data,"(18,)",logistic,2,False,sgd,0.21428571428571427,0.11983866557287394
seeds.data,"(18,)",logistic,4,False,sgd,0.324074074074074,0.18358242753623188
seeds.data,"(18,)",logistic,6,False,sgd,0.46675084175084175,0.3566846577292384
seeds.data,"(18,)",logistic,8,False,sgd,0.37731481481481477,0.23904808959156787
seeds.data,"(21,)",logistic,2,True,adam,0.3333333333333333,0.16666666666666666
seeds.data,"(21,)",logistic,4,True,adam,0.3333333333333333,0.16666666666666666
seeds.data,"(21,)",logistic,6,True,adam,0.3333333333333333,0.16666666666666666
seeds.data,"(21,)",logistic,8,True,adam,0.3501157407407407,0.20168821839080459
seeds.data,"(21,)",logistic,2,True,sgd,0.3333333333333333,0.16666666666666666
seeds.data,"(21,)",logistic,4,True,sgd,0.3333333333333333,0.16666666666666666
seeds.data,"(21,)",logistic,6,True,sgd,0.3333333333333333,0.16666666666666666
seeds.data,"(21,)",logistic,8,True,sgd,0.3333333333333333,0.16733870967741934
seeds.data,"(21,)",logistic,2,False,adam,0.7952380952380953,0.7673032050838728
seeds.data,"(21,)",logistic,4,False,adam,0.8534858387799564,0.8388002446802836
seeds.data,"(21,)",logistic,6,False,adam,0.8707912457912458,0.8645350726389373
seeds.data,"(21,)",logistic,8,False,adam,0.8344907407407407,0.8149401323936929
seeds.data,"(21,)",logistic,2,False,sgd,0.3333333333333333,0.16666666666666666
seeds.data,"(21,)",logistic,4,False,sgd,0.4795751633986928,0.37089055300061813
seeds.data,"(21,)",logistic,6,False,sgd,0.3707912457912457,0.2779252052761522
seeds.data,"(21,)",logistic,8,False,sgd,0.41550925925925924,0.3003606683042167
seeds.data,"(24,)",logistic,2,True,adam,0.44285714285714284,0.31256038647342993
seeds.data,"(24,)",logistic,4,True,adam,0.3333333333333333,0.16666666666666666
seeds.data,"(24,)",logistic,6,True,adam,0.3686868686868687,0.21464646464646464
seeds.data,"(24,)",logistic,8,True,adam,0.3333333333333333,0.16666666666666666
seeds.data,"(24,)",logistic,2,True,sgd,0.3333333333333333,0.16666666666666666
seeds.data,"(24,)",logistic,4,True,sgd,0.2546296296296296,0.1281446540880503
seeds.data,"(24,)",logistic,6,True,sgd,0.3333333333333333,0.16666666666666666
seeds.data,"(24,)",logistic,8,True,sgd,0.3287037037037037,0.17104978354978356
seeds.data,"(24,)",logistic,2,False,adam,0.861904761904762,0.849648262996765
seeds.data,"(24,)",logistic,4,False,adam,0.8570261437908497,0.8484785617950005
seeds.data,"(24,)",logistic,6,False,adam,0.8484848484848485,0.8356834467055672
seeds.data,"(24,)",logistic,8,False,adam,0.8680555555555555,0.8558565399025926
seeds.data,"(24,)",logistic,2,False,sgd,0.3142857142857143,0.19155844155844154
seeds.data,"(24,)",logistic,4,False,sgd,0.37826797385620914,0.2449663361283111
seeds.data,"(24,)",logistic,6,False,sgd,0.3316498316498316,0.23844342811822483
seeds.data,"(24,)",logistic,8,False,sgd,0.5040509259259258,0.38036108547634506
seeds.data,"(27,)",logistic,2,True,adam,0.319047619047619,0.17005420054200543
seeds.data,"(27,)",logistic,4,True,adam,0.3333333333333333,0.16666666666666666
seeds.data,"(27,)",logistic,6,True,adam,0.34722222222222215,0.1929563492063492
seeds.data,"(27,)",logistic,8,True,adam,0.37037037037037035,0.2103921568627451
seeds.data,"(27,)",logistic,2,True,sgd,0.22857142857142856,0.12005649717514125
seeds.data,"(27,)",logistic,4,True,sgd,0.40196078431372545,0.251375786163522
seeds.data,"(27,)",logistic,6,True,sgd,0.3333333333333333,0.16666666666666666
seeds.data,"(27,)",logistic,8,True,sgd,0.37037037037037035,0.20882936507936506
seeds.data,"(27,)",logistic,2,False,adam,0.8857142857142857,0.8811284825014801
seeds.data,"(27,)",logistic,4,False,adam,0.8559368191721133,0.8427545267781147
seeds.data,"(27,)",logistic,6,False,adam,0.880892255892256,0.8688262221333186
seeds.data,"(27,)",logistic,8,False,adam,0.8825231481481481,0.8736328572241885
seeds.data,"(27,)",logistic,2,False,sgd,0.3571428571428571,0.226808905380334
seeds.data,"(27,)",logistic,4,False,sgd,0.46568627450980393,0.33067378566882255
seeds.data,"(27,)",logistic,6,False,sgd,0.36658249158249157,0.23691681608348272
seeds.data,"(27,)",logistic,8,False,sgd,0.35416666666666663,0.25980714886964884
seeds.data,"(3,)",tanh,2,True,adam,0.3571428571428571,0.21141975308641975
seeds.data,"(3,)",tanh,4,True,adam,0.3954248366013071,0.28773411160932383
seeds.data,"(3,)",tanh,6,True,adam,0.29377104377104374,0.1502807154981068
seeds.data,"(3,)",tanh,8,True,adam,0.2991898148148148,0.2310440882136265
seeds.data,"(3,)",tanh,2,True,sgd,0.4571428571428572,0.3263631173280046
seeds.data,"(3,)",tanh,4,True,sgd,0.26062091503267976,0.13553013798111835
seeds.data,"(3,)",tanh,6,True,sgd,0.3291245791245791,0.18827012818240887
seeds.data,"(3,)",tanh,8,True,sgd,0.3657407407407407,0.22292765713818344
seeds.data,"(3,)",tanh,2,False,adam,0.4904761904761905,0.3523172931385492
seeds.data,"(3,)",tanh,4,False,adam,0.5708061002178649,0.4913802369702991
seeds.data,"(3,)",tanh,6,False,adam,0.7045454545454545,0.6430213004116913
seeds.data,"(3,)",tanh,8,False,adam,0.6458333333333333,0.614057888739211
seeds.data,"(3,)",tanh,2,False,sgd,0.7095238095238094,0.6691025262879904
seeds.data,"(3,)",tanh,4,False,sgd,0.5473856209150327,0.4495408718438841
seeds.data,"(3,)",tanh,6,False,sgd,0.6447811447811448,0.5733832712122185
seeds.data,"(3,)",tanh,8,False,sgd,0.5972222222222222,0.5360896672824591
seeds.data,"(6,)",tanh,2,True,adam,0.3333333333333333,0.17447916666666666
seeds.data,"(6,)",tanh,4,True,adam,0.2540849673202614,0.1395009164868133
seeds.data,"(6,)",tanh,6,True,adam,0.37752525252525254,0.25938704786658
seeds.data,"(6,)",tanh,8,True,adam,0.333912037037037,0.23647222013919658
seeds.data,"(6,)",tanh,2,True,sgd,0.19523809523809524,0.1633899037058985
seeds.data,"(6,)",tanh,4,True,sgd,0.31998910675381265,0.22886801995396952
seeds.data,"(6,)",tanh,6,True,sgd,0.3143939393939394,0.17090152167671546
seeds.data,"(6,)",tanh,8,True,sgd,0.2916666666666667,0.16523718182925343
seeds.data,"(6,)",tanh,2,False,adam,0.8666666666666667,0.8634882342154675
seeds.data,"(6,)",tanh,4,False,adam,0.7342047930283224,0.697668786131993
seeds.data,"(6,)",tanh,6,False,adam,0.7723063973063974,0.7362983784883252
seeds.data,"(6,)",tanh,8,False,adam,0.8414351851851851,0.8269341142889903
seeds.data,"(6,)",tanh,2,False,sgd,0.6285714285714286,0.5793963337441598
seeds.data,"(6,)",tanh,4,False,sgd,0.747276688453159,0.7285274064728303
seeds.data,"(6,)",tanh,6,False,sgd,0.7491582491582491,0.6954532833735763
seeds.data,"(6,)",tanh,8,False,sgd,0.7106481481481481,0.6331435056744654
seeds.data,"(9,)",tanh,2,True,adam,0.3333333333333333,0.16666666666666666
seeds.data,"(9,)",tanh,4,True,adam,0.3907952069716776,0.2844969214589014
seeds.data,"(9,)",tanh,6,True,adam,0.39015151515151514,0.25797601220335936
seeds.data,"(9,)",tanh,8,True,adam,0.3177083333333333,0.18832146433842356
seeds.data,"(9,)",tanh,2,True,sgd,0.3333333333333333,0.1678743961352657
seeds.data,"(9,)",tanh,4,True,sgd,0.45288671023965144,0.3182983435828562
seeds.data,"(9,)",tanh,6,True,sgd,0.3232323232323232,0.19615324075362417
seeds.data,"(9,)",tanh,8,True,sgd,0.29224537037037035,0.19493034700078044
seeds.data,"(9,)",tanh,2,False,adam,0.8809523809523809,0.8791182991182991
seeds.data,"(9,)",tanh,4,False,adam,0.8850762527233116,0.8782167841217906
seeds.data,"(9,)",tanh,6,False,adam,0.806818181818182,0.7978425673502398
seeds.data,"(9,)",tanh,8,False,adam,0.8188657407407407,0.8001654565334906
seeds.data,"(9,)",tanh,2,False,sgd,0.7047619047619048,0.6455209055209055
seeds.data,"(9,)",tanh,4,False,sgd,0.710239651416122,0.67276374215427
seeds.data,"(9,)",tanh,6,False,sgd,0.7882996632996634,0.7631991482733603
seeds.data,"(9,)",tanh,8,False,sgd,0.7864583333333333,0.76545479704384
seeds.data,"(12,)",tanh,2,True,adam,0.34285714285714286,0.18692564745196322
seeds.data,"(12,)",tanh,4,True,adam,0.519880174291939,0.4054808286951144
seeds.data,"(12,)",tanh,6,True,adam,0.31481481481481477,0.17252550317066448
seeds.data,"(12,)",tanh,8,True,adam,0.3929398148148148,0.2964228227015951
seeds.data,"(12,)",tanh,2,True,sgd,0.2,0.14262384163693245
seeds.data,"(12,)",tanh,4,True,sgd,0.3341503267973856,0.18825775163803332
seeds.data,"(12,)",tanh,6,True,sgd,0.31523569023569026,0.2373303892911736
seeds.data,"(12,)",tanh,8,True,sgd,0.3796296296296296,0.22146150950498777
seeds.data,"(12,)",tanh,2,False,adam,0.8952380952380952,0.8915635353764959
seeds.data,"(12,)",tanh,4,False,adam,0.8858932461873638,0.8829064559714714
seeds.data,"(12,)",tanh,6,False,adam,0.880892255892256,0.8759088527325242
seeds.data,"(12,)",tanh,8,False,adam,0.9010416666666667,0.8961889743526741
seeds.data,"(12,)",tanh,2,False,sgd,0.8,0.79861557986558
seeds.data,"(12,)",tanh,4,False,sgd,0.7361111111111112,0.7176082064359143
seeds.data,"(12,)",tanh,6,False,sgd,0.7239057239057239,0.6851539603161777
seeds.data,"(12,)",tanh,8,False,sgd,0.8032407407407407,0.7624565812360267
seeds.data,"(15,)",tanh,2,True,adam,0.37142857142857144,0.2329749103942652
seeds.data,"(15,)",tanh,4,True,adam,0.3213507625272331,0.21313952427271685
seeds.data,"(15,)",tanh,6,True,adam,0.3282828282828283,0.22938284417070035
seeds.data,"(15,)",tanh,8,True,adam,0.3431712962962963,0.23434836768170103
seeds.data,"(15,)",tanh,2,True,sgd,0.48571428571428565,0.3505620047908605
seeds.data,"(15,)",tanh,4,True,sgd,0.3989651416122004,0.3221998462242365
seeds.data,"(15,)",tanh,6,True,sgd,0.27946127946127947,0.19170487202725775
seeds.data,"(15,)",tanh,8,True,sgd,0.3159722222222222,0.1924595774300058
seeds.data,"(15,)",tanh,2,False,adam,0.9,0.8980905695611577
seeds.data,"(15,)",tanh,4,False,adam,0.8902505446623094,0.8883885404046694
seeds.data,"(15,)",tanh,6,False,adam,0.9090909090909091,0.9060842337227674
seeds.data,"(15,)",tanh,8,False,adam,0.8813657407407407,0.8752634240830836
seeds.data,"(15,)",tanh,2,False,sgd,0.8142857142857143,0.801292864705175
seeds.data,"(15,)",tanh,4,False,sgd,0.7764161220043573,0.7246181575159544
seeds.data,"(15,)",tanh,6,False,sgd,0.7335858585858587,0.6763397383842663
seeds.data,"(15,)",tanh,8,False,sgd,0.8107638888888888,0.7859653869522291
seeds.data,"(18,)",tanh,2,True,adam,0.3571428571428571,0.2222222222222222
seeds.data,"(18,)",tanh,4,True,adam,0.23447712418300654,0.13268613897171772
seeds.data,"(18,)",tanh,6,True,adam,0.33880471380471383,0.20383690813848077
seeds.data,"(18,)",tanh,8,True,adam,0.3998842592592592,0.2757176950828121
seeds.data,"(18,)",tanh,2,True,sgd,0.48571428571428565,0.34276437847866414
seeds.data,"(18,)",tanh,4,True,sgd,0.24509803921568624,0.12573573929295323
seeds.data,"(18,)",tanh,6,True,sgd,0.43897306397306396,0.3020865498709302
seeds.data,"(18,)",tanh,8,True,sgd,0.28356481481481477,0.17048906975377565
seeds.data,"(18,)",tanh,2,False,adam,0.8904761904761904,0.8892621327403936
seeds.data,"(18,)",tanh,4,False,adam,0.8992374727668845,0.8972707480324408
seeds.data,"(18,)",tanh,6,False,adam,0.9006734006734006,0.8985335371185869
seeds.data,"(18,)",tanh,8,False,adam,0.8993055555555556,0.8974088100152342
seeds.data,"(18,)",tanh,2,False,sgd,0.8238095238095238,0.8115828059330885
seeds.data,"(18,)",tanh,4,False,sgd,0.775871459694989,0.7545616985479555
seeds.data,"(18,)",tanh,6,False,sgd,0.8303872053872055,0.7994145923300819
seeds.data,"(18,)",tanh,8,False,sgd,0.8211805555555555,0.7874906084982307
seeds.data,"(21,)",tanh,2,True,adam,0.2571428571428571,0.18699416525503482
seeds.data,"(21,)",tanh,4,True,adam,0.505718954248366,0.3912543554871341
seeds.data,"(21,)",tanh,6,True,adam,0.32786195286195285,0.21825837687670793
seeds.data,"(21,)",tanh,8,True,adam,0.3524305555555555,0.21772471256342224
seeds.data,"(21,)",tanh,2,True,sgd,0.3761904761904762,0.24117319607187254
seeds.data,"(21,)",tanh,4,True,sgd,0.3869825708061002,0.28024530909160567
seeds.data,"(21,)",tanh,6,True,sgd,0.3131313131313131,0.18841382117244185
seeds.data,"(21,)",tanh,8,True,sgd,0.30960648148148145,0.18896475331175439
seeds.data,"(21,)",tanh,2,False,adam,0.9333333333333333,0.9331466347801011
seeds.data,"(21,)",tanh,4,False,adam,0.8959694989106753,0.8944525358999043
seeds.data,"(21,)",tanh,6,False,adam,0.8859427609427609,0.8846631709675187
seeds.data,"(21,)",tanh,8,False,adam,0.9039351851851852,0.9031590925844022
seeds.data,"(21,)",tanh,2,False,sgd,0.8571428571428572,0.8494262478283069
seeds.data,"(21,)",tanh,4,False,sgd,0.837690631808279,0.8148336126436534
seeds.data,"(21,)",tanh,6,False,sgd,0.8278619528619529,0.8117602294636366
seeds.data,"(21,)",tanh,8,False,sgd,0.8275462962962963,0.7997870281867119
seeds.data,"(24,)",tanh,2,True,adam,0.32857142857142857,0.16726618705035973
seeds.data,"(24,)",tanh,4,True,adam,0.2824074074074074,0.1451149425287356
seeds.data,"(24,)",tanh,6,True,adam,0.45412457912457915,0.3430068944759907
seeds.data,"(24,)",tanh,8,True,adam,0.32060185185185186,0.20222390157734985
seeds.data,"(24,)",tanh,2,True,sgd,0.37142857142857144,0.2337326755931407
seeds.data,"(24,)",tanh,4,True,sgd,0.3382352941176471,0.18758503401360543
seeds.data,"(24,)",tanh,6,True,sgd,0.34175084175084175,0.2922799877656531
seeds.data,"(24,)",tanh,8,True,sgd,0.3472222222222222,0.22116946519059977
seeds.data,"(24,)",tanh,2,False,adam,0.9047619047619048,0.9030175578430324
seeds.data,"(24,)",tanh,4,False,adam,0.9046840958605664,0.9016335963901647
seeds.data,"(24,)",tanh,6,False,adam,0.9103535353535354,0.9084922002313306
seeds.data,"(24,)",tanh,8,False,adam,0.9247685185185185,0.9247509603256507
seeds.data,"(24,)",tanh,2,False,sgd,0.8476190476190477,0.8389433583296699
seeds.data,"(24,)",tanh,4,False,sgd,0.7701525054466231,0.7348478152741719
seeds.data,"(24,)",tanh,6,False,sgd,0.88510101010101,0.882211191215768
seeds.data,"(24,)",tanh,8,False,sgd,0.8333333333333333,0.8189784080074665
seeds.data,"(27,)",tanh,2,True,adam,0.6,0.5733305017696222
seeds.data,"(27,)",tanh,4,True,adam,0.3831699346405229,0.25707070707070706
seeds.data,"(27,)",tanh,6,True,adam,0.3834175084175084,0.2988603189539534
seeds.data,"(27,)",tanh,8,True,adam,0.3466435185185185,0.23084702499329862
seeds.data,"(27,)",tanh,2,True,sgd,0.42857142857142855,0.32998673683309804
seeds.data,"(27,)",tanh,4,True,sgd,0.3341503267973856,0.21893862187979835
seeds.data,"(27,)",tanh,6,True,sgd,0.27777777777777773,0.2022896669006726
seeds.data,"(27,)",tanh,8,True,sgd,0.3715277777777778,0.2592024520939417
seeds.data,"(27,)",tanh,2,False,adam,0.9190476190476191,0.9187262519477616
seeds.data,"(27,)",tanh,4,False,adam,0.8956971677559912,0.8936931940608411
seeds.data,"(27,)",tanh,6,False,adam,0.9187710437710438,0.917398225838348
seeds.data,"(27,)",tanh,8,False,adam,0.9143518518518517,0.9136993320720102
seeds.data,"(27,)",tanh,2,False,sgd,0.7666666666666666,0.709219350820943
seeds.data,"(27,)",tanh,4,False,sgd,0.8415032679738562,0.8217995834589902
seeds.data,"(27,)",tanh,6,False,sgd,0.8114478114478114,0.784092196898346
seeds.data,"(27,)",tanh,8,False,sgd,0.8333333333333333,0.8120453304005936
