Data_set,Layer_size,Activation,CV,Solver,Accuracy,F-score
wine.data,"(5,)",relu,2,adam,0.37664141414141417,0.20838601770957893
wine.data,"(5,)",relu,4,adam,0.4178294573643411,0.26626984126984127
wine.data,"(5,)",relu,6,adam,0.28769841269841273,0.182149551149592
wine.data,"(5,)",relu,8,adam,0.2531055900621118,0.1656001172480836
wine.data,"(5,)",relu,2,sgd,0.42108585858585856,0.258223807534518
wine.data,"(5,)",relu,4,sgd,0.33139534883720934,0.21204396165696476
wine.data,"(5,)",relu,6,sgd,0.35873015873015873,0.19863874863874864
wine.data,"(5,)",relu,8,sgd,0.3503317334839074,0.2296225107237343
wine.data,"(5,)",relu,2,adam,0.668939393939394,0.6406070090226068
wine.data,"(5,)",relu,4,adam,0.6985788113695091,0.6521276396674558
wine.data,"(5,)",relu,6,adam,0.7452380952380953,0.7066167486855183
wine.data,"(5,)",relu,8,adam,0.6246353284396763,0.5492359993160328
wine.data,"(5,)",relu,2,sgd,0.4650252525252525,0.35229856918166447
wine.data,"(5,)",relu,4,sgd,0.4337209302325581,0.31419531416516266
wine.data,"(5,)",relu,6,sgd,0.4623015873015874,0.34657891469935875
wine.data,"(5,)",relu,8,sgd,0.43324157726331636,0.32339324682734805
wine.data,"(10,)",relu,2,adam,0.4113636363636364,0.3187939611881663
wine.data,"(10,)",relu,4,adam,0.41421188630490957,0.2741530208921513
wine.data,"(10,)",relu,6,adam,0.32539682539682535,0.20587889476778365
wine.data,"(10,)",relu,8,adam,0.3433441558441558,0.19902341831221143
wine.data,"(10,)",relu,2,sgd,0.30845959595959593,0.1565007630581401
wine.data,"(10,)",relu,4,sgd,0.3116279069767442,0.21898361572274613
wine.data,"(10,)",relu,6,sgd,0.3567460317460318,0.2257141683970952
wine.data,"(10,)",relu,8,sgd,0.27533879164313946,0.1662296445588623
wine.data,"(10,)",relu,2,adam,0.7767676767676768,0.7257142857142856
wine.data,"(10,)",relu,4,adam,0.8903100775193797,0.8878655191445547
wine.data,"(10,)",relu,6,adam,0.9373015873015872,0.9384091041281329
wine.data,"(10,)",relu,8,adam,0.9384410878976097,0.9382371212092575
wine.data,"(10,)",relu,2,sgd,0.38737373737373737,0.2270646289229332
wine.data,"(10,)",relu,4,sgd,0.5766149870801033,0.4746691235165771
wine.data,"(10,)",relu,6,sgd,0.5059523809523808,0.37637780117972536
wine.data,"(10,)",relu,8,sgd,0.6556912290607944,0.5881610676026984
wine.data,"(15,)",relu,2,adam,0.38181818181818183,0.19261263827564923
wine.data,"(15,)",relu,4,adam,0.3948320413436692,0.2527221224008769
wine.data,"(15,)",relu,6,adam,0.31468253968253973,0.16230535695145495
wine.data,"(15,)",relu,8,adam,0.32160502540937325,0.20832587408475933
wine.data,"(15,)",relu,2,sgd,0.22436868686868686,0.13532659241990244
wine.data,"(15,)",relu,4,sgd,0.258656330749354,0.14423699870855913
wine.data,"(15,)",relu,6,sgd,0.3087301587301587,0.21566951166031914
wine.data,"(15,)",relu,8,sgd,0.3035479013739883,0.1859453817787151
wine.data,"(15,)",relu,2,adam,0.8875,0.8801648770756321
wine.data,"(15,)",relu,4,adam,0.944186046511628,0.9471527608627992
wine.data,"(15,)",relu,6,adam,0.9718253968253968,0.9720848191806596
wine.data,"(15,)",relu,8,adam,0.9004211368341803,0.8810928783548753
wine.data,"(15,)",relu,2,sgd,0.675,0.6366872330271629
wine.data,"(15,)",relu,4,sgd,0.6746770025839793,0.6177367830034312
wine.data,"(15,)",relu,6,sgd,0.7063492063492064,0.6131101933007372
wine.data,"(15,)",relu,8,sgd,0.6355284208545078,0.5491501166650627
wine.data,"(20,)",relu,2,adam,0.32651515151515154,0.22903373235599156
wine.data,"(20,)",relu,4,adam,0.4271317829457364,0.34275803151772144
wine.data,"(20,)",relu,6,adam,0.29285714285714287,0.1973640224768498
wine.data,"(20,)",relu,8,adam,0.4149609448522492,0.23613719278033796
wine.data,"(20,)",relu,2,sgd,0.3314393939393939,0.22297195981406506
wine.data,"(20,)",relu,4,sgd,0.3374677002583979,0.2217412217412217
wine.data,"(20,)",relu,6,sgd,0.3460317460317461,0.2216371387530994
wine.data,"(20,)",relu,8,sgd,0.39845661584792014,0.2916669148516913
wine.data,"(20,)",relu,2,adam,0.966540404040404,0.9684727673952793
wine.data,"(20,)",relu,4,adam,0.9717054263565891,0.9719259193186444
wine.data,"(20,)",relu,6,adam,0.9325396825396824,0.9342621245541108
wine.data,"(20,)",relu,8,adam,0.9560276679841897,0.9562429536694242
wine.data,"(20,)",relu,2,sgd,0.6981060606060606,0.6913638423805931
wine.data,"(20,)",relu,4,sgd,0.7125322997416021,0.6093863397728077
wine.data,"(20,)",relu,6,sgd,0.6757936507936507,0.6170983934424795
wine.data,"(20,)",relu,8,sgd,0.6599143610013175,0.5910570027960355
wine.data,"(25,)",relu,2,adam,0.34924242424242424,0.27738422359328224
wine.data,"(25,)",relu,4,adam,0.3811369509043928,0.28490061003501316
wine.data,"(25,)",relu,6,adam,0.32539682539682535,0.19504762618797708
wine.data,"(25,)",relu,8,adam,0.352931488801054,0.22529163726212262
wine.data,"(25,)",relu,2,sgd,0.32525252525252524,0.1742063492063492
wine.data,"(25,)",relu,4,sgd,0.3568475452196383,0.2527740681203679
wine.data,"(25,)",relu,6,sgd,0.24246031746031746,0.13399850021083878
wine.data,"(25,)",relu,8,sgd,0.3373682476943347,0.22292491752137988
wine.data,"(25,)",relu,2,adam,0.9773989898989899,0.9779031899574768
wine.data,"(25,)",relu,4,adam,0.9547803617571059,0.9560735098235098
wine.data,"(25,)",relu,6,adam,0.9722222222222223,0.9731525460425715
wine.data,"(25,)",relu,8,adam,0.9723320158102766,0.9730356875093717
wine.data,"(25,)",relu,2,sgd,0.7077020202020202,0.6312715012443273
wine.data,"(25,)",relu,4,sgd,0.7133074935400516,0.6352934473733116
wine.data,"(25,)",relu,6,sgd,0.8031746031746031,0.7727261255551291
wine.data,"(25,)",relu,8,sgd,0.85840156220591,0.8382294910255437
wine.data,"(5,)",logistic,2,adam,0.39886363636363636,0.25279687342681634
wine.data,"(5,)",logistic,4,adam,0.298062015503876,0.1527777777777778
wine.data,"(5,)",logistic,6,adam,0.34801587301587306,0.18296024962691626
wine.data,"(5,)",logistic,8,adam,0.3704474872953134,0.22104613672257123
wine.data,"(5,)",logistic,2,sgd,0.3919191919191919,0.28439153439153436
wine.data,"(5,)",logistic,4,sgd,0.3091731266149871,0.16081871345029242
wine.data,"(5,)",logistic,6,sgd,0.3432539682539683,0.16939249833986678
wine.data,"(5,)",logistic,8,sgd,0.30922971955580647,0.15540627151861858
wine.data,"(5,)",logistic,2,adam,0.36477272727272725,0.17785917785917787
wine.data,"(5,)",logistic,4,adam,0.5273901808785529,0.3981692949412069
wine.data,"(5,)",logistic,6,adam,0.48928571428571427,0.32955840455840457
wine.data,"(5,)",logistic,8,adam,0.5457603990212686,0.40636624787543574
wine.data,"(5,)",logistic,2,sgd,0.39886363636363636,0.19008904374758034
wine.data,"(5,)",logistic,4,sgd,0.3321705426356589,0.16925987449243263
wine.data,"(5,)",logistic,6,sgd,0.4321428571428571,0.2343813593813594
wine.data,"(5,)",logistic,8,sgd,0.3934688499905892,0.19921915292959877
wine.data,"(10,)",logistic,2,adam,0.3768939393939394,0.2878877128393926
wine.data,"(10,)",logistic,4,adam,0.3642118863049095,0.2190446034873279
wine.data,"(10,)",logistic,6,adam,0.3424603174603175,0.17343471290839715
wine.data,"(10,)",logistic,8,adam,0.3658008658008658,0.19561559017817068
wine.data,"(10,)",logistic,2,sgd,0.26969696969696966,0.14160401002506268
wine.data,"(10,)",logistic,4,sgd,0.3263565891472868,0.20074671439120295
wine.data,"(10,)",logistic,6,sgd,0.3757936507936508,0.18178893178893177
wine.data,"(10,)",logistic,8,sgd,0.33685064935064934,0.1670619563330214
wine.data,"(10,)",logistic,2,adam,0.6960858585858586,0.6219615570801517
wine.data,"(10,)",logistic,4,adam,0.6456072351421189,0.5832616120680792
wine.data,"(10,)",logistic,6,adam,0.6845238095238094,0.6122834320375433
wine.data,"(10,)",logistic,8,adam,0.6186358930924148,0.5053211764968478
wine.data,"(10,)",logistic,2,sgd,0.3022727272727273,0.16446886446886447
wine.data,"(10,)",logistic,4,sgd,0.39883720930232563,0.1900793650793651
wine.data,"(10,)",logistic,6,sgd,0.39325396825396824,0.18813345642613935
wine.data,"(10,)",logistic,8,sgd,0.3932218144174666,0.188103873130639
wine.data,"(15,)",logistic,2,adam,0.3534090909090909,0.17780690257754478
wine.data,"(15,)",logistic,4,adam,0.39883720930232563,0.1900793650793651
wine.data,"(15,)",logistic,6,adam,0.3841269841269841,0.21779064519536387
wine.data,"(15,)",logistic,8,adam,0.29858366271409753,0.15258024789448593
wine.data,"(15,)",logistic,2,sgd,0.3314393939393939,0.16595441595441596
wine.data,"(15,)",logistic,4,sgd,0.31976744186046513,0.1607370699475963
wine.data,"(15,)",logistic,6,sgd,0.30317460317460315,0.15439060614499212
wine.data,"(15,)",logistic,8,sgd,0.31466450216450215,0.15885913250172148
wine.data,"(15,)",logistic,2,adam,0.6902777777777778,0.6110087318551068
wine.data,"(15,)",logistic,4,adam,0.7127906976744185,0.6225751533633307
wine.data,"(15,)",logistic,6,adam,0.7015873015873016,0.6398158219107651
wine.data,"(15,)",logistic,8,adam,0.8324628270280444,0.8114882500752066
wine.data,"(15,)",logistic,2,sgd,0.39886363636363636,0.19008904374758034
wine.data,"(15,)",logistic,4,sgd,0.39883720930232563,0.1900793650793651
wine.data,"(15,)",logistic,6,sgd,0.3988095238095238,0.19006919006919007
wine.data,"(15,)",logistic,8,sgd,0.3989036325992848,0.19007519929551356
wine.data,"(20,)",logistic,2,adam,0.33219696969696966,0.16502638710597634
wine.data,"(20,)",logistic,4,adam,0.3488372093023256,0.17159565580618213
wine.data,"(20,)",logistic,6,adam,0.32539682539682535,0.1743956841996058
wine.data,"(20,)",logistic,8,adam,0.30453604366647846,0.16713310404216966
wine.data,"(20,)",logistic,2,sgd,0.303030303030303,0.15476190476190477
wine.data,"(20,)",logistic,4,sgd,0.31976744186046513,0.16136363636363638
wine.data,"(20,)",logistic,6,sgd,0.3432539682539682,0.16981020928389348
wine.data,"(20,)",logistic,8,sgd,0.3260281385281385,0.19459601081812034
wine.data,"(20,)",logistic,2,adam,0.819949494949495,0.8102655685653339
wine.data,"(20,)",logistic,4,adam,0.8196382428940568,0.8027831008534542
wine.data,"(20,)",logistic,6,adam,0.8253968253968252,0.7998151004291354
wine.data,"(20,)",logistic,8,adam,0.8133469791078487,0.7858713297571993
wine.data,"(20,)",logistic,2,sgd,0.39886363636363636,0.19008904374758034
wine.data,"(20,)",logistic,4,sgd,0.39883720930232563,0.1900793650793651
wine.data,"(20,)",logistic,6,sgd,0.3988095238095238,0.19006919006919007
wine.data,"(20,)",logistic,8,sgd,0.3989036325992848,0.19007519929551356
wine.data,"(25,)",logistic,2,adam,0.2981060606060606,0.15279652121757387
wine.data,"(25,)",logistic,4,adam,0.3713178294573644,0.1911689262269102
wine.data,"(25,)",logistic,6,adam,0.3765873015873016,0.19523149523149522
wine.data,"(25,)",logistic,8,adam,0.33195699228307923,0.1655212140473542
wine.data,"(25,)",logistic,2,sgd,0.26969696969696966,0.14160401002506268
wine.data,"(25,)",logistic,4,sgd,0.31976744186046513,0.1607370699475963
wine.data,"(25,)",logistic,6,sgd,0.33214285714285713,0.1654242443716128
wine.data,"(25,)",logistic,8,sgd,0.3645421607378129,0.17750501549340536
wine.data,"(25,)",logistic,2,adam,0.8380050505050505,0.8339666613579657
wine.data,"(25,)",logistic,4,adam,0.8656330749354004,0.8469869062949539
wine.data,"(25,)",logistic,6,adam,0.8460317460317461,0.8284614429067473
wine.data,"(25,)",logistic,8,adam,0.8381211180124223,0.8239990455450982
wine.data,"(25,)",logistic,2,sgd,0.39886363636363636,0.19008904374758034
wine.data,"(25,)",logistic,4,sgd,0.39883720930232563,0.1900793650793651
wine.data,"(25,)",logistic,6,sgd,0.3988095238095238,0.19006919006919007
wine.data,"(25,)",logistic,8,sgd,0.3989036325992848,0.19007519929551356
wine.data,"(5,)",tanh,2,adam,0.28585858585858587,0.1672789368441542
wine.data,"(5,)",tanh,4,adam,0.3988372093023256,0.24668182717480824
wine.data,"(5,)",tanh,6,adam,0.39206349206349206,0.3093219332316695
wine.data,"(5,)",tanh,8,adam,0.3470026350461133,0.2273930216025804
wine.data,"(5,)",tanh,2,sgd,0.3308080808080808,0.2011904761904762
wine.data,"(5,)",tanh,4,sgd,0.24883720930232556,0.17985847636254143
wine.data,"(5,)",tanh,6,sgd,0.3333333333333333,0.22523688901397879
wine.data,"(5,)",tanh,8,sgd,0.3850225861095426,0.24942566167816443
wine.data,"(5,)",tanh,2,adam,0.7261363636363636,0.6794053147574819
wine.data,"(5,)",tanh,4,adam,0.7434108527131782,0.6770290293355309
wine.data,"(5,)",tanh,6,adam,0.8202380952380953,0.8040229918639978
wine.data,"(5,)",tanh,8,adam,0.8311805947675512,0.8271297716264232
wine.data,"(5,)",tanh,2,sgd,0.7593434343434344,0.7101925882380229
wine.data,"(5,)",tanh,4,sgd,0.6180878552971576,0.5657605781901777
wine.data,"(5,)",tanh,6,sgd,0.6793650793650795,0.6474824582977318
wine.data,"(5,)",tanh,8,sgd,0.55761810653115,0.49670041337804505
wine.data,"(10,)",tanh,2,adam,0.31363636363636366,0.1826969274917976
wine.data,"(10,)",tanh,4,adam,0.43113695090439275,0.26560961717544246
wine.data,"(10,)",tanh,6,adam,0.3988095238095238,0.29830940383842297
wine.data,"(10,)",tanh,8,adam,0.29063146997929606,0.21481451498692877
wine.data,"(10,)",tanh,2,sgd,0.3606060606060606,0.2271377810419824
wine.data,"(10,)",tanh,4,sgd,0.4152454780361757,0.281818480205577
wine.data,"(10,)",tanh,6,sgd,0.38928571428571423,0.28085494585494586
wine.data,"(10,)",tanh,8,sgd,0.24648268398268397,0.18130029290355376
wine.data,"(10,)",tanh,2,adam,0.8876262626262625,0.8891442612398495
wine.data,"(10,)",tanh,4,adam,0.9272609819121447,0.9292859979960364
wine.data,"(10,)",tanh,6,adam,0.938888888888889,0.9432975781441253
wine.data,"(10,)",tanh,8,adam,0.933300395256917,0.9335595776772248
wine.data,"(10,)",tanh,2,sgd,0.8922979797979798,0.8952498437622702
wine.data,"(10,)",tanh,4,sgd,0.6956072351421188,0.65614517778711
wine.data,"(10,)",tanh,6,sgd,0.7579365079365079,0.698319151304143
wine.data,"(10,)",tanh,8,sgd,0.7442946546207415,0.6753931145107616
wine.data,"(15,)",tanh,2,adam,0.26477272727272727,0.179758955276971
wine.data,"(15,)",tanh,4,adam,0.4246770025839793,0.3312308945244107
wine.data,"(15,)",tanh,6,adam,0.33769841269841266,0.249890790954977
wine.data,"(15,)",tanh,8,adam,0.3994212309429701,0.26118140375988325
wine.data,"(15,)",tanh,2,sgd,0.34835858585858587,0.21399968587163593
wine.data,"(15,)",tanh,4,sgd,0.36550387596899225,0.255048678071753
wine.data,"(15,)",tanh,6,sgd,0.3277777777777778,0.2028969482529854
wine.data,"(15,)",tanh,8,sgd,0.3316864295125165,0.23286256368152916
wine.data,"(15,)",tanh,2,adam,0.9376262626262626,0.9389841991494947
wine.data,"(15,)",tanh,4,adam,0.9664082687338501,0.9671511424316758
wine.data,"(15,)",tanh,6,adam,0.9607142857142857,0.9621973376179863
wine.data,"(15,)",tanh,8,adam,0.9495576886881234,0.9515959054561995
wine.data,"(15,)",tanh,2,sgd,0.7348484848484849,0.6664281604198389
wine.data,"(15,)",tanh,4,sgd,0.7751937984496123,0.7345038656400833
wine.data,"(15,)",tanh,6,sgd,0.7793650793650794,0.7645161627352407
wine.data,"(15,)",tanh,8,sgd,0.7986189535102579,0.7605735956758974
wine.data,"(20,)",tanh,2,adam,0.3590909090909091,0.21843165126747216
wine.data,"(20,)",tanh,4,adam,0.19702842377260982,0.10781223244446522
wine.data,"(20,)",tanh,6,adam,0.4226190476190476,0.303380176437069
wine.data,"(20,)",tanh,8,adam,0.3205227743271222,0.25760482285048175
wine.data,"(20,)",tanh,2,sgd,0.45025252525252524,0.36909159799185376
wine.data,"(20,)",tanh,4,sgd,0.38746770025839794,0.29183803443237405
wine.data,"(20,)",tanh,6,sgd,0.22976190476190475,0.17602575856432798
wine.data,"(20,)",tanh,8,sgd,0.33896809712027104,0.2442409515913128
wine.data,"(20,)",tanh,2,adam,0.9775252525252525,0.9775234031914514
wine.data,"(20,)",tanh,4,adam,0.9378552971576227,0.9399408305239949
wine.data,"(20,)",tanh,6,adam,0.9718253968253969,0.9714984107042257
wine.data,"(20,)",tanh,8,adam,0.9720849802371542,0.9735863036172634
wine.data,"(20,)",tanh,2,sgd,0.8541666666666667,0.8567341361309253
wine.data,"(20,)",tanh,4,sgd,0.8820413436692507,0.8796904733198593
wine.data,"(20,)",tanh,6,sgd,0.8821428571428572,0.8840291645507691
wine.data,"(20,)",tanh,8,sgd,0.8202404479578393,0.8106276439194733
wine.data,"(25,)",tanh,2,adam,0.3651515151515151,0.26318249782788794
wine.data,"(25,)",tanh,4,adam,0.1838501291989664,0.10085978835978836
wine.data,"(25,)",tanh,6,adam,0.34761904761904755,0.25030716272546333
wine.data,"(25,)",tanh,8,adam,0.30204216073781287,0.20325735424419636
wine.data,"(25,)",tanh,2,sgd,0.3087121212121212,0.18157149223325691
wine.data,"(25,)",tanh,4,sgd,0.3872093023255814,0.2776059272419855
wine.data,"(25,)",tanh,6,sgd,0.31547619047619047,0.21780355603885015
wine.data,"(25,)",tanh,8,sgd,0.362789384528515,0.2722531962717548
wine.data,"(25,)",tanh,2,adam,0.9662878787878788,0.9667824219493796
wine.data,"(25,)",tanh,4,adam,0.9717054263565891,0.9719320990244903
wine.data,"(25,)",tanh,6,adam,0.9662698412698413,0.967356358811467
wine.data,"(25,)",tanh,8,adam,0.9718144174665914,0.9716182800257878
wine.data,"(25,)",tanh,2,sgd,0.8481060606060606,0.8480280974218759
wine.data,"(25,)",tanh,4,sgd,0.6961240310077519,0.631805432345944
wine.data,"(25,)",tanh,6,sgd,0.8714285714285716,0.8677225747917182
wine.data,"(25,)",tanh,8,sgd,0.8361213062300019,0.8276717387608827
diabetes.data,"(5,)",relu,2,adam,0.4973958333333333,0.32506786002494314
diabetes.data,"(5,)",relu,4,adam,0.4296875,0.3080606483219257
diabetes.data,"(5,)",relu,6,adam,0.5782119486154347,0.4328080915054149
diabetes.data,"(5,)",relu,8,adam,0.5084237655995659,0.3655351587494975
diabetes.data,"(5,)",relu,2,sgd,0.6484375,0.5122864113272863
diabetes.data,"(5,)",relu,4,sgd,0.5,0.3770456234427336
diabetes.data,"(5,)",relu,6,sgd,0.5007935054629798,0.32833654607380797
diabetes.data,"(5,)",relu,8,sgd,0.46957406402604446,0.3440271478756358
diabetes.data,"(5,)",relu,2,adam,0.6783854166666666,0.5525660902430028
diabetes.data,"(5,)",relu,4,adam,0.7473958333333333,0.6864427580509114
diabetes.data,"(5,)",relu,6,adam,0.74733407915217,0.6892806842421075
diabetes.data,"(5,)",relu,8,adam,0.7433667932718394,0.6925153004600674
diabetes.data,"(5,)",relu,2,sgd,0.65234375,0.398336940854919
diabetes.data,"(5,)",relu,4,sgd,0.6497395833333333,0.3972426897982967
diabetes.data,"(5,)",relu,6,sgd,0.649735529970091,0.4031144064020528
diabetes.data,"(5,)",relu,8,sgd,0.6576370048833424,0.41454750530785567
diabetes.data,"(10,)",relu,2,adam,0.3515625,0.2674649243732691
diabetes.data,"(10,)",relu,4,adam,0.49479166666666663,0.33111297113355415
diabetes.data,"(10,)",relu,6,adam,0.40141513242894056,0.3331442809789517
diabetes.data,"(10,)",relu,8,adam,0.5690043407487791,0.3764344921526341
diabetes.data,"(10,)",relu,2,sgd,0.6510416666666666,0.3943217665615142
diabetes.data,"(10,)",relu,4,sgd,0.5104166666666667,0.3975412716286959
diabetes.data,"(10,)",relu,6,sgd,0.4622597706718346,0.3327093923018157
diabetes.data,"(10,)",relu,8,sgd,0.548060227889311,0.42239148784906727
diabetes.data,"(10,)",relu,2,adam,0.7317708333333333,0.6572808012754834
diabetes.data,"(10,)",relu,4,adam,0.7473958333333334,0.7030222530645143
diabetes.data,"(10,)",relu,6,adam,0.7632355821074691,0.7257199483084338
diabetes.data,"(10,)",relu,8,adam,0.7732772653282691,0.7337054180111114
diabetes.data,"(10,)",relu,2,sgd,0.65234375,0.40176601706214915
diabetes.data,"(10,)",relu,4,sgd,0.6510416666666666,0.4212783039063905
diabetes.data,"(10,)",relu,6,sgd,0.6510073322956723,0.4042289212585404
diabetes.data,"(10,)",relu,8,sgd,0.6524009766684753,0.415949079528811
diabetes.data,"(15,)",relu,2,adam,0.6419270833333333,0.4065858942825067
diabetes.data,"(15,)",relu,4,adam,0.5911458333333334,0.4423004916073464
diabetes.data,"(15,)",relu,6,adam,0.39225922068607705,0.29302375380665086
diabetes.data,"(15,)",relu,8,adam,0.571717308735757,0.384371087513347
diabetes.data,"(15,)",relu,2,sgd,0.6770833333333333,0.4721608832807571
diabetes.data,"(15,)",relu,4,sgd,0.5833333333333334,0.40590312462414085
diabetes.data,"(15,)",relu,6,sgd,0.41145213407190373,0.32058758606339754
diabetes.data,"(15,)",relu,8,sgd,0.4996066196418882,0.38602423194676594
diabetes.data,"(15,)",relu,2,adam,0.7421875,0.6844591070812578
diabetes.data,"(15,)",relu,4,adam,0.7682291666666666,0.7301992378897262
diabetes.data,"(15,)",relu,6,adam,0.7695619283963051,0.7318532412024871
diabetes.data,"(15,)",relu,8,adam,0.7694112859468258,0.7300011011800956
diabetes.data,"(15,)",relu,2,sgd,0.65234375,0.398336940854919
diabetes.data,"(15,)",relu,4,sgd,0.6510416666666666,0.3943217665615142
diabetes.data,"(15,)",relu,6,sgd,0.649735529970091,0.39721354849916085
diabetes.data,"(15,)",relu,8,sgd,0.6510580575149214,0.3943272292993631
diabetes.data,"(20,)",relu,2,adam,0.6575520833333333,0.4724201680811781
diabetes.data,"(20,)",relu,4,adam,0.6562499999999999,0.43861864782117244
diabetes.data,"(20,)",relu,6,adam,0.5034660229607927,0.3938412442676829
diabetes.data,"(20,)",relu,8,adam,0.4885919696147585,0.4063231626168903
diabetes.data,"(20,)",relu,2,sgd,0.44921875,0.3668180870501982
diabetes.data,"(20,)",relu,4,sgd,0.5104166666666666,0.45523502038405017
diabetes.data,"(20,)",relu,6,sgd,0.5016918420262874,0.33800205662431343
diabetes.data,"(20,)",relu,8,sgd,0.48058871405317416,0.3619477293322227
diabetes.data,"(20,)",relu,2,adam,0.7473958333333333,0.7020512397676288
diabetes.data,"(20,)",relu,4,adam,0.7604166666666666,0.7190995515109029
diabetes.data,"(20,)",relu,6,adam,0.7747609628374942,0.7401391129640774
diabetes.data,"(20,)",relu,8,adam,0.7733857840477482,0.7342721861160066
diabetes.data,"(20,)",relu,2,sgd,0.65234375,0.398336940854919
diabetes.data,"(20,)",relu,4,sgd,0.6510416666666666,0.3943217665615142
diabetes.data,"(20,)",relu,6,sgd,0.6628383843007997,0.42932023197297803
diabetes.data,"(20,)",relu,8,sgd,0.6523738469886056,0.40455853223887095
diabetes.data,"(25,)",relu,2,adam,0.6627604166666666,0.46773073042291774
diabetes.data,"(25,)",relu,4,adam,0.5026041666666666,0.35000086265114316
diabetes.data,"(25,)",relu,6,adam,0.5967232611548555,0.3793153606365876
diabetes.data,"(25,)",relu,8,adam,0.6162913727618013,0.45667435104465176
diabetes.data,"(25,)",relu,2,sgd,0.49609375,0.3286891277756028
diabetes.data,"(25,)",relu,4,sgd,0.49869791666666663,0.3260253368067927
diabetes.data,"(25,)",relu,6,sgd,0.5026041666666666,0.33093119316805575
diabetes.data,"(25,)",relu,8,sgd,0.577075420510038,0.4174000724935497
diabetes.data,"(25,)",relu,2,adam,0.7473958333333333,0.7062402466790745
diabetes.data,"(25,)",relu,4,adam,0.7747395833333333,0.7396106191106038
diabetes.data,"(25,)",relu,6,adam,0.7748724700655151,0.7402176669655818
diabetes.data,"(25,)",relu,8,adam,0.7693570265870863,0.733065281713074
diabetes.data,"(25,)",relu,2,sgd,0.6510416666666666,0.3943217665615142
diabetes.data,"(25,)",relu,4,sgd,0.6510416666666666,0.3943217665615142
diabetes.data,"(25,)",relu,6,sgd,0.6497558762640135,0.3938469465735764
diabetes.data,"(25,)",relu,8,sgd,0.6588714053174173,0.41964881629825557
diabetes.data,"(5,)",logistic,2,adam,0.6510416666666666,0.3943217665615142
diabetes.data,"(5,)",logistic,4,adam,0.5,0.3265045126243864
diabetes.data,"(5,)",logistic,6,adam,0.5003936531007751,0.35749632113374047
diabetes.data,"(5,)",logistic,8,adam,0.5373711340206185,0.34327823774128463
diabetes.data,"(5,)",logistic,2,sgd,0.3489583333333333,0.25868725868725867
diabetes.data,"(5,)",logistic,4,sgd,0.42447916666666663,0.2925958856558225
diabetes.data,"(5,)",logistic,6,sgd,0.6015686992614295,0.37211485344812606
diabetes.data,"(5,)",logistic,8,sgd,0.5734536082474226,0.35957762801446147
diabetes.data,"(5,)",logistic,2,adam,0.6510416666666666,0.3943217665615142
diabetes.data,"(5,)",logistic,4,adam,0.6536458333333333,0.40229863458381
diabetes.data,"(5,)",logistic,6,adam,0.6576095457181225,0.41350993595062535
diabetes.data,"(5,)",logistic,8,adam,0.6536896364622897,0.4081675987331935
diabetes.data,"(5,)",logistic,2,sgd,0.6510416666666666,0.3943217665615142
diabetes.data,"(5,)",logistic,4,sgd,0.6510416666666666,0.3943217665615142
diabetes.data,"(5,)",logistic,6,sgd,0.6510478659280962,0.39432307377704884
diabetes.data,"(5,)",logistic,8,sgd,0.6510580575149214,0.3943272292993631
diabetes.data,"(10,)",logistic,2,adam,0.5,0.3265045126243864
diabetes.data,"(10,)",logistic,4,adam,0.42447916666666663,0.29259588565582256
diabetes.data,"(10,)",logistic,6,adam,0.4604468046145394,0.3520494745764555
diabetes.data,"(10,)",logistic,8,adam,0.4618421052631579,0.30936574100804687
diabetes.data,"(10,)",logistic,2,sgd,0.5,0.3265045126243864
diabetes.data,"(10,)",logistic,4,sgd,0.42447916666666663,0.29259588565582256
diabetes.data,"(10,)",logistic,6,sgd,0.5,0.3265025765738671
diabetes.data,"(10,)",logistic,8,sgd,0.4960526315789474,0.3250287888976573
diabetes.data,"(10,)",logistic,2,adam,0.6510416666666666,0.3943217665615142
diabetes.data,"(10,)",logistic,4,adam,0.65625,0.41332310677144746
diabetes.data,"(10,)",logistic,6,adam,0.6824316269150948,0.4963664050022252
diabetes.data,"(10,)",logistic,8,adam,0.6901790558871406,0.5152040856139659
diabetes.data,"(10,)",logistic,2,sgd,0.6510416666666666,0.3943217665615142
diabetes.data,"(10,)",logistic,4,sgd,0.6510416666666666,0.3943217665615142
diabetes.data,"(10,)",logistic,6,sgd,0.6510478659280962,0.39432307377704884
diabetes.data,"(10,)",logistic,8,sgd,0.6510580575149214,0.3943272292993631
diabetes.data,"(15,)",logistic,2,adam,0.6510416666666666,0.3943217665615142
diabetes.data,"(15,)",logistic,4,adam,0.5755208333333334,0.3604131395929503
diabetes.data,"(15,)",logistic,6,adam,0.5822875656167978,0.38429802887160075
diabetes.data,"(15,)",logistic,8,adam,0.46262886597938147,0.3097262339244907
diabetes.data,"(15,)",logistic,2,sgd,0.6510416666666666,0.3943217665615142
diabetes.data,"(15,)",logistic,4,sgd,0.66015625,0.46508712978279126
diabetes.data,"(15,)",logistic,6,sgd,0.5548912808500681,0.3871361995280145
diabetes.data,"(15,)",logistic,8,sgd,0.6129001627780792,0.37719073447452234
diabetes.data,"(15,)",logistic,2,adam,0.66015625,0.42485487797707683
diabetes.data,"(15,)",logistic,4,adam,0.66796875,0.45816787654689634
diabetes.data,"(15,)",logistic,6,adam,0.7110482919286252,0.5918453914429468
diabetes.data,"(15,)",logistic,8,adam,0.7095903418339664,0.6134812551926506
diabetes.data,"(15,)",logistic,2,sgd,0.6510416666666666,0.3943217665615142
diabetes.data,"(15,)",logistic,4,sgd,0.6510416666666666,0.3943217665615142
diabetes.data,"(15,)",logistic,6,sgd,0.6510478659280962,0.39432307377704884
diabetes.data,"(15,)",logistic,8,sgd,0.6510580575149214,0.3943272292993631
diabetes.data,"(20,)",logistic,2,adam,0.3489583333333333,0.25868725868725867
diabetes.data,"(20,)",logistic,4,adam,0.49999999999999994,0.3265045126243864
diabetes.data,"(20,)",logistic,6,adam,0.5520895325947629,0.34990663311920334
diabetes.data,"(20,)",logistic,8,adam,0.5407894736842105,0.3542474097752123
diabetes.data,"(20,)",logistic,2,sgd,0.3489583333333333,0.25868725868725867
diabetes.data,"(20,)",logistic,4,sgd,0.5,0.3265045126243864
diabetes.data,"(20,)",logistic,6,sgd,0.5065616797900262,0.35869321897393364
diabetes.data,"(20,)",logistic,8,sgd,0.46262886597938147,0.3097262339244907
diabetes.data,"(20,)",logistic,2,adam,0.6627604166666667,0.43594673954657115
diabetes.data,"(20,)",logistic,4,adam,0.7161458333333334,0.6045474887496394
diabetes.data,"(20,)",logistic,6,adam,0.7212821598608313,0.6203903332695565
diabetes.data,"(20,)",logistic,8,adam,0.7186380900705371,0.6313052919570638
diabetes.data,"(20,)",logistic,2,sgd,0.6510416666666666,0.3943217665615142
diabetes.data,"(20,)",logistic,4,sgd,0.6510416666666666,0.3943217665615142
diabetes.data,"(20,)",logistic,6,sgd,0.6510478659280962,0.39432307377704884
diabetes.data,"(20,)",logistic,8,sgd,0.6510580575149214,0.3943272292993631
diabetes.data,"(25,)",logistic,2,adam,0.5,0.3265045126243864
diabetes.data,"(25,)",logistic,4,adam,0.5755208333333333,0.3604131395929503
diabetes.data,"(25,)",logistic,6,adam,0.4150877624671916,0.30640566851779055
diabetes.data,"(25,)",logistic,8,adam,0.5755290287574606,0.3604147325661254
diabetes.data,"(25,)",logistic,2,sgd,0.5,0.3265045126243864
diabetes.data,"(25,)",logistic,4,sgd,0.5,0.3265045126243864
diabetes.data,"(25,)",logistic,6,sgd,0.5503875968992248,0.3491268278285215
diabetes.data,"(25,)",logistic,8,sgd,0.5381578947368422,0.34363873065772843
diabetes.data,"(25,)",logistic,2,adam,0.6588541666666666,0.4245448034342967
diabetes.data,"(25,)",logistic,4,adam,0.7161458333333334,0.6136027882722401
diabetes.data,"(25,)",logistic,6,adam,0.7290949777716739,0.6561928700916891
diabetes.data,"(25,)",logistic,8,adam,0.7188822571893652,0.6326035201215352
diabetes.data,"(25,)",logistic,2,sgd,0.6510416666666666,0.3943217665615142
diabetes.data,"(25,)",logistic,4,sgd,0.6510416666666666,0.3943217665615142
diabetes.data,"(25,)",logistic,6,sgd,0.6510478659280962,0.39432307377704884
diabetes.data,"(25,)",logistic,8,sgd,0.6510580575149214,0.3943272292993631
diabetes.data,"(5,)",tanh,2,adam,0.6002604166666666,0.46606894325223236
diabetes.data,"(5,)",tanh,4,adam,0.41666666666666663,0.29281803301220777
diabetes.data,"(5,)",tanh,6,adam,0.6102026808785529,0.4267206908445024
diabetes.data,"(5,)",tanh,8,adam,0.48928377645143784,0.3686916031978973
diabetes.data,"(5,)",tanh,2,sgd,0.6588541666666666,0.5032214893413631
diabetes.data,"(5,)",tanh,4,sgd,0.5638020833333334,0.43095796201789893
diabetes.data,"(5,)",tanh,6,sgd,0.4501007936326273,0.31954037629771986
diabetes.data,"(5,)",tanh,8,sgd,0.5494167118827998,0.41451120857753776
diabetes.data,"(5,)",tanh,2,adam,0.6666666666666667,0.5547053072739799
diabetes.data,"(5,)",tanh,4,adam,0.7265625,0.6735462970573113
diabetes.data,"(5,)",tanh,6,adam,0.7369283009318602,0.6788156570015641
diabetes.data,"(5,)",tanh,8,adam,0.7370591427021161,0.6803238524663127
diabetes.data,"(5,)",tanh,2,sgd,0.6588541666666667,0.4213940648723258
diabetes.data,"(5,)",tanh,4,sgd,0.6666666666666666,0.44186566094316987
diabetes.data,"(5,)",tanh,6,sgd,0.6628077853822052,0.45145387113875274
diabetes.data,"(5,)",tanh,8,sgd,0.6652604449267498,0.45373272816732446
diabetes.data,"(10,)",tanh,2,adam,0.6510416666666666,0.3943217665615142
diabetes.data,"(10,)",tanh,4,adam,0.5625,0.42783198843775316
diabetes.data,"(10,)",tanh,6,adam,0.609321432023032,0.5283041238553335
diabetes.data,"(10,)",tanh,8,adam,0.5056565382528486,0.35102923115642065
diabetes.data,"(10,)",tanh,2,sgd,0.4036458333333333,0.3911237340209537
diabetes.data,"(10,)",tanh,4,sgd,0.5768229166666666,0.4060845152759733
diabetes.data,"(10,)",tanh,6,sgd,0.5450334219668762,0.3850917725165714
diabetes.data,"(10,)",tanh,8,sgd,0.5781063483450894,0.43898120746820646
diabetes.data,"(10,)",tanh,2,adam,0.7239583333333334,0.6356721158607896
diabetes.data,"(10,)",tanh,4,adam,0.7473958333333334,0.6978767501891205
diabetes.data,"(10,)",tanh,6,adam,0.7462155893304034,0.6977845248139105
diabetes.data,"(10,)",tanh,8,adam,0.756226261530114,0.7170578544017798
diabetes.data,"(10,)",tanh,2,sgd,0.6497395833333333,0.3938433477357334
diabetes.data,"(10,)",tanh,4,sgd,0.6484375,0.396706541138568
diabetes.data,"(10,)",tanh,6,sgd,0.6653610068363548,0.43890517868097995
diabetes.data,"(10,)",tanh,8,sgd,0.652428106348345,0.44757988991420844
diabetes.data,"(15,)",tanh,2,adam,0.63671875,0.4903042017000283
diabetes.data,"(15,)",tanh,4,adam,0.5703125,0.40164791606056716
diabetes.data,"(15,)",tanh,6,adam,0.4427688953488371,0.313411130850774
diabetes.data,"(15,)",tanh,8,adam,0.5072300596852957,0.36099178605179116
diabetes.data,"(15,)",tanh,2,sgd,0.6497395833333333,0.3938433477357334
diabetes.data,"(15,)",tanh,4,sgd,0.49218749999999994,0.39564729146437744
diabetes.data,"(15,)",tanh,6,sgd,0.6050648442745529,0.39223387914224545
diabetes.data,"(15,)",tanh,8,sgd,0.563903960933261,0.39169371947886084
diabetes.data,"(15,)",tanh,2,adam,0.7369791666666667,0.6801098940159609
diabetes.data,"(15,)",tanh,4,adam,0.7591145833333334,0.7160348381671502
diabetes.data,"(15,)",tanh,6,adam,0.7696229672780728,0.7267740191912245
diabetes.data,"(15,)",tanh,8,adam,0.7604177970699946,0.7153337355906448
diabetes.data,"(15,)",tanh,2,sgd,0.6510416666666666,0.3943217665615142
diabetes.data,"(15,)",tanh,4,sgd,0.6536458333333333,0.4179955705715563
diabetes.data,"(15,)",tanh,6,sgd,0.6549642095973469,0.4298247418547508
diabetes.data,"(15,)",tanh,8,sgd,0.6523738469886056,0.4016242348758594
diabetes.data,"(20,)",tanh,2,adam,0.5,0.3265045126243864
diabetes.data,"(20,)",tanh,4,adam,0.5052083333333334,0.34214908370307207
diabetes.data,"(20,)",tanh,6,adam,0.5225127768367616,0.41465697865092777
diabetes.data,"(20,)",tanh,8,adam,0.6416847531199132,0.49042555674781296
diabetes.data,"(20,)",tanh,2,sgd,0.6588541666666666,0.468453319254551
diabetes.data,"(20,)",tanh,4,sgd,0.6471354166666667,0.5550343912298388
diabetes.data,"(20,)",tanh,6,sgd,0.5875574146981627,0.42360901889589636
diabetes.data,"(20,)",tanh,8,sgd,0.5852143244709713,0.43447250088970346
diabetes.data,"(20,)",tanh,2,adam,0.7278645833333333,0.6728628647380487
diabetes.data,"(20,)",tanh,4,adam,0.76953125,0.7279885968115407
diabetes.data,"(20,)",tanh,6,adam,0.7680773642393538,0.7267712697068066
diabetes.data,"(20,)",tanh,8,adam,0.7707813347802497,0.7336050540211968
diabetes.data,"(20,)",tanh,2,sgd,0.65234375,0.398336940854919
diabetes.data,"(20,)",tanh,4,sgd,0.6614583333333333,0.43339106941728556
diabetes.data,"(20,)",tanh,6,sgd,0.658840178589595,0.4343774784063079
diabetes.data,"(20,)",tanh,8,sgd,0.6549511665762344,0.4292182745510096
diabetes.data,"(25,)",tanh,2,adam,0.47526041666666663,0.4270950458961227
diabetes.data,"(25,)",tanh,4,adam,0.5690104166666666,0.36440225423638467
diabetes.data,"(25,)",tanh,6,adam,0.653784839849234,0.4621008999541933
diabetes.data,"(25,)",tanh,8,adam,0.602699403147043,0.45800833091495374
diabetes.data,"(25,)",tanh,2,sgd,0.51171875,0.3881126812371639
diabetes.data,"(25,)",tanh,4,sgd,0.5143229166666666,0.4043314121408299
diabetes.data,"(25,)",tanh,6,sgd,0.5578648599157664,0.41381829703012935
diabetes.data,"(25,)",tanh,8,sgd,0.5492946283233857,0.40111753653982873
diabetes.data,"(25,)",tanh,2,adam,0.75390625,0.7081810310388486
diabetes.data,"(25,)",tanh,4,adam,0.7682291666666666,0.7314766955734957
diabetes.data,"(25,)",tanh,6,adam,0.7682811450894219,0.7265405224835035
diabetes.data,"(25,)",tanh,8,adam,0.7695198046663049,0.7289075331774477
diabetes.data,"(25,)",tanh,2,sgd,0.6510416666666666,0.3943217665615142
diabetes.data,"(25,)",tanh,4,sgd,0.6562499999999999,0.4125430691840084
diabetes.data,"(25,)",tanh,6,sgd,0.6627771864636107,0.4409750234562229
diabetes.data,"(25,)",tanh,8,sgd,0.6653960933260988,0.44629504565941897
seeds.data,"(5,)",relu,2,adam,0.4666666666666667,0.33205748052645717
seeds.data,"(5,)",relu,4,adam,0.3986928104575163,0.2778942902032885
seeds.data,"(5,)",relu,6,adam,0.31481481481481477,0.17128445581131002
seeds.data,"(5,)",relu,8,adam,0.3379629629629629,0.1957381173813399
seeds.data,"(5,)",relu,2,sgd,0.3333333333333333,0.17447916666666666
seeds.data,"(5,)",relu,4,sgd,0.3622004357298475,0.23485096882872303
seeds.data,"(5,)",relu,6,sgd,0.33249158249158245,0.18010936431989064
seeds.data,"(5,)",relu,8,sgd,0.3333333333333333,0.16666666666666666
seeds.data,"(5,)",relu,2,adam,0.6952380952380952,0.6388152191956257
seeds.data,"(5,)",relu,4,adam,0.6195533769063182,0.557484587024229
seeds.data,"(5,)",relu,6,adam,0.6111111111111112,0.5113874191651969
seeds.data,"(5,)",relu,8,adam,0.6672453703703705,0.6064311031532394
seeds.data,"(5,)",relu,2,sgd,0.6666666666666666,0.5367867478651975
seeds.data,"(5,)",relu,4,sgd,0.5416666666666666,0.43566109838994554
seeds.data,"(5,)",relu,6,sgd,0.5357744107744108,0.4491963340741893
seeds.data,"(5,)",relu,8,sgd,0.5543981481481481,0.45936269652508954
seeds.data,"(10,)",relu,2,adam,0.3619047619047619,0.21917849775512682
seeds.data,"(10,)",relu,4,adam,0.3333333333333333,0.16666666666666666
seeds.data,"(10,)",relu,6,adam,0.3383838383838384,0.20739798809974253
seeds.data,"(10,)",relu,8,adam,0.3055555555555556,0.16546680707022263
seeds.data,"(10,)",relu,2,sgd,0.37142857142857144,0.26517685029135407
seeds.data,"(10,)",relu,4,sgd,0.4068627450980392,0.29137757667169434
seeds.data,"(10,)",relu,6,sgd,0.3569023569023569,0.22168014525802496
seeds.data,"(10,)",relu,8,sgd,0.34259259259259256,0.19848466023750652
seeds.data,"(10,)",relu,2,adam,0.9190476190476191,0.918673395538758
seeds.data,"(10,)",relu,4,adam,0.7521786492374728,0.7015618388646547
seeds.data,"(10,)",relu,6,adam,0.79503367003367,0.7473175705380964
seeds.data,"(10,)",relu,8,adam,0.8078703703703703,0.7766597862080935
seeds.data,"(10,)",relu,2,sgd,0.7047619047619048,0.6293774973205482
seeds.data,"(10,)",relu,4,sgd,0.6127450980392157,0.5129066601892689
seeds.data,"(10,)",relu,6,sgd,0.6872895622895624,0.6464021033781365
seeds.data,"(10,)",relu,8,sgd,0.6903935185185186,0.6327243129390963
seeds.data,"(15,)",relu,2,adam,0.4238095238095238,0.3165542989705669
seeds.data,"(15,)",relu,4,adam,0.3698257080610022,0.23235499650593988
seeds.data,"(15,)",relu,6,adam,0.4486531986531987,0.3311150213038085
seeds.data,"(15,)",relu,8,adam,0.25925925925925924,0.13394153957879448
seeds.data,"(15,)",relu,2,sgd,0.3333333333333333,0.1779202279202279
seeds.data,"(15,)",relu,4,sgd,0.36764705882352944,0.2181818181818182
seeds.data,"(15,)",relu,6,sgd,0.3009259259259259,0.16788281494163845
seeds.data,"(15,)",relu,8,sgd,0.26157407407407407,0.16672940585984064
seeds.data,"(15,)",relu,2,adam,0.838095238095238,0.8291269055850659
seeds.data,"(15,)",relu,4,adam,0.9000544662309368,0.89888013013013
seeds.data,"(15,)",relu,6,adam,0.8577441077441077,0.8484940950830374
seeds.data,"(15,)",relu,8,adam,0.8900462962962963,0.8824021437331607
seeds.data,"(15,)",relu,2,sgd,0.7428571428571429,0.7046966535259611
seeds.data,"(15,)",relu,4,sgd,0.7761437908496732,0.727711534427904
seeds.data,"(15,)",relu,6,sgd,0.7752525252525252,0.7319995438838319
seeds.data,"(15,)",relu,8,sgd,0.7361111111111112,0.6696612161201944
seeds.data,"(20,)",relu,2,adam,0.319047619047619,0.2634920634920635
seeds.data,"(20,)",relu,4,adam,0.3333333333333333,0.16666666666666666
seeds.data,"(20,)",relu,6,adam,0.3042929292929292,0.17015345765345766
seeds.data,"(20,)",relu,8,adam,0.3194444444444444,0.19092617119311492
seeds.data,"(20,)",relu,2,sgd,0.3666666666666667,0.2304533888503354
seeds.data,"(20,)",relu,4,sgd,0.4068627450980392,0.2823813492406615
seeds.data,"(20,)",relu,6,sgd,0.37626262626262624,0.2531632567530973
seeds.data,"(20,)",relu,8,sgd,0.3935185185185185,0.2569466765622216
seeds.data,"(20,)",relu,2,adam,0.9238095238095239,0.9237252177027253
seeds.data,"(20,)",relu,4,adam,0.8951525054466231,0.8920705658846076
seeds.data,"(20,)",relu,6,adam,0.9065656565656565,0.9017882399866409
seeds.data,"(20,)",relu,8,adam,0.8900462962962963,0.8864015359855143
seeds.data,"(20,)",relu,2,sgd,0.7571428571428571,0.7311500859998702
seeds.data,"(20,)",relu,4,sgd,0.7295751633986928,0.6782686690003763
seeds.data,"(20,)",relu,6,sgd,0.6654040404040404,0.6039832072249067
seeds.data,"(20,)",relu,8,sgd,0.689236111111111,0.6146716847176196
seeds.data,"(25,)",relu,2,adam,0.3904761904761905,0.2605552017265182
seeds.data,"(25,)",relu,4,adam,0.4722222222222222,0.3362794035392469
seeds.data,"(25,)",relu,6,adam,0.44486531986531985,0.31978993730931715
seeds.data,"(25,)",relu,8,adam,0.36979166666666663,0.2442448466184276
seeds.data,"(25,)",relu,2,sgd,0.29047619047619044,0.22336165178008588
seeds.data,"(25,)",relu,4,sgd,0.32870370370370366,0.1861111111111111
seeds.data,"(25,)",relu,6,sgd,0.32870370370370366,0.17014887227653186
seeds.data,"(25,)",relu,8,sgd,0.33275462962962965,0.22997146091311177
seeds.data,"(25,)",relu,2,adam,0.9,0.89792474440532
seeds.data,"(25,)",relu,4,adam,0.9014161220043573,0.8989764322032373
seeds.data,"(25,)",relu,6,adam,0.8771043771043772,0.8717921772269599
seeds.data,"(25,)",relu,8,adam,0.8946759259259259,0.8917691491801399
seeds.data,"(25,)",relu,2,sgd,0.719047619047619,0.7012774501020569
seeds.data,"(25,)",relu,4,sgd,0.738562091503268,0.7064211524991391
seeds.data,"(25,)",relu,6,sgd,0.790824915824916,0.7478819235440924
seeds.data,"(25,)",relu,8,sgd,0.7349537037037037,0.6914746373752745
seeds.data,"(5,)",logistic,2,adam,0.3333333333333333,0.16666666666666666
seeds.data,"(5,)",logistic,4,adam,0.28703703703703703,0.15624999999999997
seeds.data,"(5,)",logistic,6,adam,0.34259259259259256,0.189429012345679
seeds.data,"(5,)",logistic,8,adam,0.3333333333333333,0.16666666666666666
seeds.data,"(5,)",logistic,2,sgd,0.3333333333333333,0.16666666666666666
seeds.data,"(5,)",logistic,4,sgd,0.3333333333333333,0.16666666666666666
seeds.data,"(5,)",logistic,6,sgd,0.3333333333333333,0.16666666666666666
seeds.data,"(5,)",logistic,8,sgd,0.3333333333333333,0.16666666666666666
seeds.data,"(5,)",logistic,2,adam,0.6142857142857143,0.5605671336773559
seeds.data,"(5,)",logistic,4,adam,0.6835511982570806,0.5960112121147225
seeds.data,"(5,)",logistic,6,adam,0.7613636363636362,0.7029945277718083
seeds.data,"(5,)",logistic,8,adam,0.6481481481481481,0.5678558301036254
seeds.data,"(5,)",logistic,2,sgd,0.3333333333333333,0.16666666666666666
seeds.data,"(5,)",logistic,4,sgd,0.3379629629629629,0.1835347545132571
seeds.data,"(5,)",logistic,6,sgd,0.3333333333333333,0.16666666666666666
seeds.data,"(5,)",logistic,8,sgd,0.3472222222222222,0.20339506172839505
seeds.data,"(10,)",logistic,2,adam,0.3333333333333333,0.16666666666666666
seeds.data,"(10,)",logistic,4,adam,0.37254901960784315,0.2253344481605351
seeds.data,"(10,)",logistic,6,adam,0.3333333333333333,0.16666666666666666
seeds.data,"(10,)",logistic,8,adam,0.3333333333333333,0.16733870967741934
seeds.data,"(10,)",logistic,2,sgd,0.3333333333333333,0.16666666666666666
seeds.data,"(10,)",logistic,4,sgd,0.3333333333333333,0.17611111111111108
seeds.data,"(10,)",logistic,6,sgd,0.3232323232323232,0.16390614216701174
seeds.data,"(10,)",logistic,8,sgd,0.31481481481481477,0.15885416666666666
seeds.data,"(10,)",logistic,2,adam,0.8,0.7707459876134575
seeds.data,"(10,)",logistic,4,adam,0.7747821350762527,0.7481019814355698
seeds.data,"(10,)",logistic,6,adam,0.8249158249158249,0.8019504766980874
seeds.data,"(10,)",logistic,8,adam,0.8096064814814814,0.7918974234686309
seeds.data,"(10,)",logistic,2,sgd,0.4476190476190476,0.3177695743323307
seeds.data,"(10,)",logistic,4,sgd,0.338235294117647,0.1765478164731896
seeds.data,"(10,)",logistic,6,sgd,0.4212962962962963,0.27737077737077737
seeds.data,"(10,)",logistic,8,sgd,0.41898148148148145,0.2797491039426523
seeds.data,"(15,)",logistic,2,adam,0.3333333333333333,0.16666666666666666
seeds.data,"(15,)",logistic,4,adam,0.303921568627451,0.16574074074074074
seeds.data,"(15,)",logistic,6,adam,0.3333333333333333,0.16666666666666666
seeds.data,"(15,)",logistic,8,adam,0.3333333333333333,0.16666666666666666
seeds.data,"(15,)",logistic,2,sgd,0.3333333333333333,0.16666666666666666
seeds.data,"(15,)",logistic,4,sgd,0.3333333333333333,0.17115384615384613
seeds.data,"(15,)",logistic,6,sgd,0.3333333333333333,0.16666666666666666
seeds.data,"(15,)",logistic,8,sgd,0.3101851851851851,0.19420511361925025
seeds.data,"(15,)",logistic,2,adam,0.8333333333333333,0.8139639809670133
seeds.data,"(15,)",logistic,4,adam,0.8243464052287581,0.7950299203606159
seeds.data,"(15,)",logistic,6,adam,0.8186026936026937,0.7966298558845423
seeds.data,"(15,)",logistic,8,adam,0.8616898148148149,0.8509766083875991
seeds.data,"(15,)",logistic,2,sgd,0.39047619047619053,0.28735380116959064
seeds.data,"(15,)",logistic,4,sgd,0.3333333333333333,0.16666666666666666
seeds.data,"(15,)",logistic,6,sgd,0.3703703703703703,0.2238095238095238
seeds.data,"(15,)",logistic,8,sgd,0.36111111111111105,0.24293338431625325
seeds.data,"(20,)",logistic,2,adam,0.3333333333333333,0.16666666666666666
seeds.data,"(20,)",logistic,4,adam,0.3333333333333333,0.16666666666666666
seeds.data,"(20,)",logistic,6,adam,0.3333333333333333,0.17105263157894735
seeds.data,"(20,)",logistic,8,adam,0.37037037037037035,0.21597222222222223
seeds.data,"(20,)",logistic,2,sgd,0.3333333333333333,0.16666666666666666
seeds.data,"(20,)",logistic,4,sgd,0.28703703703703703,0.1553030303030303
seeds.data,"(20,)",logistic,6,sgd,0.3333333333333333,0.16666666666666666
seeds.data,"(20,)",logistic,8,sgd,0.3333333333333333,0.16666666666666666
seeds.data,"(20,)",logistic,2,adam,0.8238095238095238,0.8073536576062748
seeds.data,"(20,)",logistic,4,adam,0.863289760348584,0.8563352361890123
seeds.data,"(20,)",logistic,6,adam,0.8569023569023569,0.8469648821670179
seeds.data,"(20,)",logistic,8,adam,0.8622685185185185,0.8525831570819962
seeds.data,"(20,)",logistic,2,sgd,0.3333333333333333,0.17039800995024873
seeds.data,"(20,)",logistic,4,sgd,0.5024509803921569,0.4034786461102251
seeds.data,"(20,)",logistic,6,sgd,0.35101010101010105,0.22545631756158072
seeds.data,"(20,)",logistic,8,sgd,0.4565972222222222,0.325580175089979
seeds.data,"(25,)",logistic,2,adam,0.3333333333333333,0.16666666666666666
seeds.data,"(25,)",logistic,4,adam,0.3284313725490196,0.18671470805617146
seeds.data,"(25,)",logistic,6,adam,0.26430976430976433,0.14371980676328502
seeds.data,"(25,)",logistic,8,adam,0.41203703703703703,0.2583783175888439
seeds.data,"(25,)",logistic,2,sgd,0.3333333333333333,0.16666666666666666
seeds.data,"(25,)",logistic,4,sgd,0.35648148148148145,0.20600800346095607
seeds.data,"(25,)",logistic,6,sgd,0.3333333333333333,0.16666666666666666
seeds.data,"(25,)",logistic,8,sgd,0.3333333333333333,0.16666666666666666
seeds.data,"(25,)",logistic,2,adam,0.8523809523809524,0.8380603996007856
seeds.data,"(25,)",logistic,4,adam,0.8627450980392156,0.8505077762713984
seeds.data,"(25,)",logistic,6,adam,0.8535353535353535,0.8393952679482594
seeds.data,"(25,)",logistic,8,adam,0.8570601851851851,0.8472324230064168
seeds.data,"(25,)",logistic,2,sgd,0.3857142857142857,0.3045886140314986
seeds.data,"(25,)",logistic,4,sgd,0.338235294117647,0.20309823379998818
seeds.data,"(25,)",logistic,6,sgd,0.3648989898989899,0.24763095521609454
seeds.data,"(25,)",logistic,8,sgd,0.43344907407407407,0.31047272379846014
seeds.data,"(5,)",tanh,2,adam,0.1523809523809524,0.1434389140271493
seeds.data,"(5,)",tanh,4,adam,0.38888888888888884,0.2575347222222222
seeds.data,"(5,)",tanh,6,adam,0.3518518518518518,0.19885361552028222
seeds.data,"(5,)",tanh,8,adam,0.3148148148148148,0.1836940836940837
seeds.data,"(5,)",tanh,2,sgd,0.3333333333333333,0.16666666666666666
seeds.data,"(5,)",tanh,4,sgd,0.352124183006536,0.20800213091082417
seeds.data,"(5,)",tanh,6,sgd,0.37878787878787884,0.255017910131435
seeds.data,"(5,)",tanh,8,sgd,0.3038194444444444,0.1808913966780346
seeds.data,"(5,)",tanh,2,adam,0.6952380952380952,0.6587030487443442
seeds.data,"(5,)",tanh,4,adam,0.7309368191721133,0.70627981215249
seeds.data,"(5,)",tanh,6,adam,0.7045454545454545,0.6638542873630593
seeds.data,"(5,)",tanh,8,adam,0.7291666666666667,0.701631156465533
seeds.data,"(5,)",tanh,2,sgd,0.47619047619047616,0.4193353746703664
seeds.data,"(5,)",tanh,4,sgd,0.6124727668845317,0.5626438900253431
seeds.data,"(5,)",tanh,6,sgd,0.6771885521885522,0.6286920617077211
seeds.data,"(5,)",tanh,8,sgd,0.6064814814814814,0.5465480387594737
seeds.data,"(10,)",tanh,2,adam,0.3857142857142857,0.25348275474665766
seeds.data,"(10,)",tanh,4,adam,0.2696078431372549,0.1559090909090909
seeds.data,"(10,)",tanh,6,adam,0.29966329966329963,0.19869903897911675
seeds.data,"(10,)",tanh,8,adam,0.37962962962962965,0.26558447453055295
seeds.data,"(10,)",tanh,2,sgd,0.3571428571428571,0.21047686163965235
seeds.data,"(10,)",tanh,4,sgd,0.4959150326797385,0.376241487557277
seeds.data,"(10,)",tanh,6,sgd,0.364057239057239,0.23308089965191833
seeds.data,"(10,)",tanh,8,sgd,0.41608796296296297,0.2873029556650246
seeds.data,"(10,)",tanh,2,adam,0.8571428571428572,0.8534489331480124
seeds.data,"(10,)",tanh,4,adam,0.8848039215686275,0.8825311057780723
seeds.data,"(10,)",tanh,6,adam,0.859006734006734,0.8439512470748168
seeds.data,"(10,)",tanh,8,adam,0.8315972222222222,0.8225728974471235
seeds.data,"(10,)",tanh,2,sgd,0.861904761904762,0.8597077354333547
seeds.data,"(10,)",tanh,4,sgd,0.6086601307189542,0.5741207661775183
seeds.data,"(10,)",tanh,6,sgd,0.7840909090909092,0.7531019122298792
seeds.data,"(10,)",tanh,8,sgd,0.6591435185185185,0.6041160357530326
seeds.data,"(15,)",tanh,2,adam,0.4571428571428572,0.3238551051051051
seeds.data,"(15,)",tanh,4,adam,0.35185185185185186,0.21415781026167957
seeds.data,"(15,)",tanh,6,adam,0.3055555555555555,0.21613801740028948
seeds.data,"(15,)",tanh,8,adam,0.2667824074074074,0.14829672093666402
seeds.data,"(15,)",tanh,2,sgd,0.4095238095238095,0.2847366795208522
seeds.data,"(15,)",tanh,4,sgd,0.3137254901960784,0.22575717787114846
seeds.data,"(15,)",tanh,6,sgd,0.28367003367003363,0.21559774974097223
seeds.data,"(15,)",tanh,8,sgd,0.35821759259259256,0.2068386066547831
seeds.data,"(15,)",tanh,2,adam,0.8761904761904762,0.8725132275132276
seeds.data,"(15,)",tanh,4,adam,0.8899782135076253,0.887888132662114
seeds.data,"(15,)",tanh,6,adam,0.9010942760942761,0.8991586325644296
seeds.data,"(15,)",tanh,8,adam,0.9010416666666666,0.8971241971822467
seeds.data,"(15,)",tanh,2,sgd,0.8142857142857143,0.8078330950186332
seeds.data,"(15,)",tanh,4,sgd,0.8273420479302831,0.806537520995159
seeds.data,"(15,)",tanh,6,sgd,0.7239057239057239,0.6583330626556902
seeds.data,"(15,)",tanh,8,sgd,0.8084490740740741,0.7822585839226707
seeds.data,"(20,)",tanh,2,adam,0.19999999999999998,0.13668983876613044
seeds.data,"(20,)",tanh,4,adam,0.3224400871459695,0.2081759625237886
seeds.data,"(20,)",tanh,6,adam,0.3834175084175084,0.26804417067098224
seeds.data,"(20,)",tanh,8,adam,0.3616898148148148,0.24936168063103048
seeds.data,"(20,)",tanh,2,sgd,0.3142857142857143,0.15931372549019607
seeds.data,"(20,)",tanh,4,sgd,0.2478213507625272,0.20481543416326026
seeds.data,"(20,)",tanh,6,sgd,0.3333333333333333,0.16666666666666666
seeds.data,"(20,)",tanh,8,sgd,0.2847222222222222,0.20745066360213507
seeds.data,"(20,)",tanh,2,adam,0.9095238095238095,0.9082158445172145
seeds.data,"(20,)",tanh,4,adam,0.894880174291939,0.8929864944957824
seeds.data,"(20,)",tanh,6,adam,0.8804713804713805,0.8759323689161712
seeds.data,"(20,)",tanh,8,adam,0.9097222222222222,0.9074323369698757
seeds.data,"(20,)",tanh,2,sgd,0.7904761904761906,0.7459642151503618
seeds.data,"(20,)",tanh,4,sgd,0.7791394335511982,0.7424383331694894
seeds.data,"(20,)",tanh,6,sgd,0.7811447811447811,0.7416012353060771
seeds.data,"(20,)",tanh,8,sgd,0.7795138888888888,0.7381469908479767
seeds.data,"(25,)",tanh,2,adam,0.34285714285714286,0.2190920234655459
seeds.data,"(25,)",tanh,4,adam,0.37826797385620914,0.2649173935418386
seeds.data,"(25,)",tanh,6,adam,0.4116161616161616,0.26837380726269616
seeds.data,"(25,)",tanh,8,adam,0.24074074074074073,0.14786975687710982
seeds.data,"(25,)",tanh,2,sgd,0.21904761904761905,0.11494252873563218
seeds.data,"(25,)",tanh,4,sgd,0.27178649237472763,0.20006460096920622
seeds.data,"(25,)",tanh,6,sgd,0.2967171717171717,0.1644961090902289
seeds.data,"(25,)",tanh,8,sgd,0.1921296296296296,0.11713191023535852
seeds.data,"(25,)",tanh,2,adam,0.9095238095238095,0.9091445375864164
seeds.data,"(25,)",tanh,4,adam,0.9098583877995642,0.9089008675446306
seeds.data,"(25,)",tanh,6,adam,0.9196127946127945,0.9190714358105662
seeds.data,"(25,)",tanh,8,adam,0.9236111111111112,0.92302007060134
seeds.data,"(25,)",tanh,2,sgd,0.7857142857142857,0.7506437740949191
seeds.data,"(25,)",tanh,4,sgd,0.8088235294117647,0.7926775107536992
seeds.data,"(25,)",tanh,6,sgd,0.8135521885521886,0.7903568601522566
seeds.data,"(25,)",tanh,8,sgd,0.7858796296296295,0.7510302515930797
